-- phpMyAdmin SQL Dump
-- version 3.2.5
-- http://www.phpmyadmin.net
--
-- Host: 127.0.0.1
-- Generation Time: Apr 22, 2010 at 12:06 PM
-- Server version: 5.1.41
-- PHP Version: 5.3.1

SET SQL_MODE="NO_AUTO_VALUE_ON_ZERO";


/*!40101 SET @OLD_CHARACTER_SET_CLIENT=@@CHARACTER_SET_CLIENT */;
/*!40101 SET @OLD_CHARACTER_SET_RESULTS=@@CHARACTER_SET_RESULTS */;
/*!40101 SET @OLD_COLLATION_CONNECTION=@@COLLATION_CONNECTION */;
/*!40101 SET NAMES utf8 */;

--
-- Database: `cmdb`
--

-- --------------------------------------------------------

--
-- Table structure for table `apps`
--

CREATE TABLE IF NOT EXISTS `apps` (
  `id` int(11) NOT NULL AUTO_INCREMENT,
  `name` varchar(45) DEFAULT NULL,
  `mbean` varchar(45) DEFAULT NULL,
  `alive_check` varchar(45) DEFAULT NULL,
  `processes_id` int(11) NOT NULL,
  `created_at` datetime NOT NULL,
  `updated_at` datetime NOT NULL,
  PRIMARY KEY (`id`),
  KEY `fk_apps_processes1` (`processes_id`)
) ENGINE=InnoDB  DEFAULT CHARSET=latin1 AUTO_INCREMENT=135 ;

--
-- Dumping data for table `apps`
--

INSERT INTO `apps` (`id`, `name`, `mbean`, `alive_check`, `processes_id`, `created_at`, `updated_at`) VALUES
(1, 'Data Service', '', 'wf/management/alive', 1, '2010-02-12 16:31:59', '2010-02-12 16:31:59'),
(2, 'Stub Ingest Service', '', '', 1, '2010-02-12 16:31:59', '2010-02-12 16:31:59'),
(3, 'Agent (WS)', '', 'management/alive', 4, '2010-02-12 16:31:59', '2010-02-12 16:31:59'),
(4, 'Data Service', '', 'feedreader/management/alive', 5, '2010-02-12 16:31:59', '2010-02-12 16:31:59'),
(5, 'Agent (WS)', '', 'management/alive', 6, '2010-02-12 16:31:59', '2010-02-12 16:31:59'),
(6, 'Adapter (DS)', '', 'adapter/management/alive', 7, '2010-02-12 16:31:59', '2010-02-12 16:31:59'),
(7, 'Service (WS)', '', 'management/alive', 8, '2010-02-12 16:31:59', '2010-02-12 16:31:59'),
(8, 'Groovy Adapter', '', '', 9, '2010-02-12 16:31:59', '2010-02-12 16:31:59'),
(9, 'AddContent Adapter', '', '', 9, '2010-02-12 16:31:59', '2010-02-12 16:31:59'),
(10, 'MRSS Adapter', '', '', 9, '2010-02-12 16:31:59', '2010-02-12 16:31:59'),
(11, 'Service', '', 'autopublish/publish', 10, '2010-02-12 16:31:59', '2010-02-12 16:31:59'),
(12, 'Custom Command', '', 'autopublish/cc-publish', 10, '2010-02-12 16:31:59', '2010-02-12 16:31:59'),
(13, 'Rating', '', 'rating/management/alive', 11, '2010-02-12 16:31:59', '2010-02-12 16:31:59'),
(14, 'Total Rating', '', 'totalrating/management/alive', 11, '2010-02-12 16:31:59', '2010-02-12 16:31:59'),
(15, 'Tag', '', 'tag/management/alive', 12, '2010-02-12 16:31:59', '2010-02-12 16:31:59'),
(16, 'Tag Config', '', 'tag/configuration/management/alive', 12, '2010-02-12 16:31:59', '2010-02-12 16:31:59'),
(17, 'Total Tag', '', 'totaltag/management/alive', 12, '2010-02-12 16:31:59', '2010-02-12 16:31:59'),
(18, 'Vote', '', 'vote/management/alive', 13, '2010-02-12 16:31:59', '2010-02-12 16:31:59'),
(19, 'TotalVote', '', 'totalvote/management/alive', 13, '2010-02-12 16:31:59', '2010-02-12 16:31:59'),
(20, 'Poll', '', 'poll/management/alive', 13, '2010-02-12 16:31:59', '2010-02-12 16:31:59'),
(21, 'Choice', '', 'choice/management/alive', 13, '2010-02-12 16:31:59', '2010-02-12 16:31:59'),
(22, 'Comment', '', 'comment/management/alive', 14, '2010-02-12 16:31:59', '2010-02-12 16:31:59'),
(23, 'Comment Config', '', 'comment/configuration/management/alive', 14, '2010-02-12 16:31:59', '2010-02-12 16:31:59'),
(24, 'User Profile', '', 'userprofile/management/alive', 15, '2010-02-12 16:31:59', '2010-02-12 16:31:59'),
(25, 'User List', '', 'userlist/management/alive', 16, '2010-02-12 16:31:59', '2010-02-12 16:31:59'),
(26, 'Admin Identity', '', 'idm/management/alive/auth', 17, '2010-02-12 16:31:59', '2010-02-12 16:31:59'),
(27, 'Admin Access 1.2 ', '', 'access/management/alive/access', 18, '2010-02-12 16:31:59', '2010-02-12 16:31:59'),
(28, 'Admin Access 2.0', '', 'management/alive/access', 18, '2010-02-12 16:31:59', '2010-02-12 16:31:59'),
(29, 'End User Identity', '', 'idm/management/alive/auth', 17, '2010-02-12 16:31:59', '2010-02-12 16:31:59'),
(30, 'End User Access 1.2', '', 'access/management/alive/access', 18, '2010-02-12 16:31:59', '2010-02-12 16:31:59'),
(31, 'End User Access 2.0', '', 'management/alive/access', 18, '2010-02-12 16:31:59', '2010-02-12 16:31:59'),
(32, 'Console Data Services', '', 'cds/data/management/alive', 19, '2010-02-12 16:31:59', '2010-02-12 16:31:59'),
(33, 'Console', '', '', 20, '2010-02-12 16:31:59', '2010-02-12 16:31:59'),
(34, 'Console Data Services', '', 'cds/management/alive', 21, '2010-02-12 16:31:59', '2010-02-12 16:31:59'),
(35, 'Manage', '', '', 22, '2010-02-12 16:31:59', '2010-02-12 16:31:59'),
(36, 'DRM', '', 'drm/management/alive', 23, '2010-02-12 16:31:59', '2010-02-12 16:31:59'),
(37, 'Entitlement Data Service', '', 'entitlement/management/alive', 24, '2010-02-12 16:31:59', '2010-02-12 16:31:59'),
(38, 'DRM 2.x', '', 'license/management/alive', 25, '2010-02-12 16:31:59', '2010-02-12 16:31:59'),
(39, 'Entitlement 2.x Web Service', '', 'ent/management/alive', 25, '2010-02-12 16:31:59', '2010-02-12 16:31:59'),
(40, 'Entitlement 2.x Data Service', '', 'eds/management/alive', 25, '2010-02-12 16:31:59', '2010-02-12 16:31:59'),
(41, 'CIM/ODOL Entitlement 2.x Data Service', '', 'eds/management/alive', 26, '2010-02-12 16:31:59', '2010-02-12 16:31:59'),
(42, 'Data Service', '', 'task/management/alive', 27, '2010-02-12 16:31:59', '2010-02-12 16:31:59'),
(43, 'Comment', '', '', 28, '2010-02-12 16:31:59', '2010-02-12 16:31:59'),
(44, 'Rating', '', '', 28, '2010-02-12 16:31:59', '2010-02-12 16:31:59'),
(45, 'Tag', '', '', 28, '2010-02-12 16:31:59', '2010-02-12 16:31:59'),
(46, 'Userlist', '', '', 28, '2010-02-12 16:31:59', '2010-02-12 16:31:59'),
(47, 'Address (DS)', '', 'address/management/alive', 29, '2010-02-12 16:31:59', '2010-02-12 16:31:59'),
(48, 'Shopping Cart (Meta DS)', '', 'cart/management/alive', 29, '2010-02-12 16:31:59', '2010-02-12 16:31:59'),
(49, 'End User Notification (WS)', '', 'euns/management/alive', 29, '2010-02-12 16:31:59', '2010-02-12 16:31:59'),
(50, 'Fulfillment (WS)', '', 'fulfillment/management/alive', 29, '2010-02-12 16:31:59', '2010-02-12 16:31:59'),
(51, 'Ledger (WS)', '', 'ledger/management/alive', 29, '2010-02-12 16:31:59', '2010-02-12 16:31:59'),
(52, 'Order (DS)', '', 'order/management/alive', 29, '2010-02-12 16:31:59', '2010-02-12 16:31:59'),
(53, 'Payment (WS)', '', 'payment/management/alive', 29, '2010-02-12 16:31:59', '2010-02-12 16:31:59'),
(54, 'Promotion (DS)', '', 'promotion/management/alive', 29, '2010-02-12 16:31:59', '2010-02-12 16:31:59'),
(55, 'Tax (WS)', '', 'tax/management/alive', 29, '2010-02-12 16:31:59', '2010-02-12 16:31:59'),
(56, 'InDemand Checkout', '', '', 30, '2010-02-12 16:31:59', '2010-02-12 16:31:59'),
(57, 'Shipment Daemon (Meta DS)', '', '', 31, '2010-02-12 16:31:59', '2010-02-12 16:31:59'),
(58, 'Workflow (DS)', 'WorkflowDataService', 'workflow/management/alive', 32, '2010-02-12 16:31:59', '2010-02-12 16:31:59'),
(59, 'Profile (DS)', 'PublishProfileDataService', 'publish/management/alive', 33, '2010-02-12 16:31:59', '2010-02-12 16:31:59'),
(60, 'Service (WS)', 'PublishService', 'management/alive', 34, '2010-02-12 16:31:59', '2010-02-12 16:31:59'),
(61, 'select', '', '', 35, '2010-02-12 16:31:59', '2010-02-12 16:31:59'),
(62, 'process', '', '', 35, '2010-02-12 16:31:59', '2010-02-12 16:31:59'),
(63, 'release', '', '', 35, '2010-02-12 16:31:59', '2010-02-12 16:31:59'),
(64, 'Selectors', '', '', 37, '2010-02-12 16:31:59', '2010-02-12 16:31:59'),
(65, 'Console', '', '', 37, '2010-02-12 16:31:59', '2010-02-12 16:31:59'),
(66, 'API', '', '', 37, '2010-02-12 16:31:59', '2010-02-12 16:31:59'),
(68, 'Cache API', '', '', 37, '2010-02-12 16:31:59', '2010-02-12 16:31:59'),
(69, 'Façade (RW)', '', '', 37, '2010-02-12 16:31:59', '2010-02-12 16:31:59'),
(70, 'Façade (R Only)', '', '', 37, '2010-02-12 16:31:59', '2010-02-12 16:31:59'),
(71, 'Jobs', '', '', 37, '2010-02-12 16:31:59', '2010-02-12 16:31:59'),
(72, 'License', '', '', 37, '2010-02-12 16:31:59', '2010-02-12 16:31:59'),
(73, 'SLA', '', '', 37, '2010-02-12 16:31:59', '2010-02-12 16:31:59'),
(74, 'Sorry', '', '', 37, '2010-02-12 16:31:59', '2010-02-12 16:31:59'),
(75, 'Task', '', '', 37, '2010-02-12 16:31:59', '2010-02-12 16:31:59'),
(76, 'Façade Sorry', '', '', 37, '2010-02-12 16:31:59', '2010-02-12 16:31:59'),
(77, 'Feed API', '', '', 37, '2010-02-12 16:31:59', '2010-02-12 16:31:59'),
(78, 'Service Registry', '', '', 46, '2010-02-12 16:31:59', '2010-02-12 16:31:59'),
(79, 'General Feed Web Service', '', '', 45, '2010-02-12 16:31:59', '2010-02-12 16:31:59'),
(80, 'General Feed Data Service', '', '', 43, '2010-02-12 16:31:59', '2010-02-12 16:31:59'),
(81, 'Rhozet Server - Farm Short', '', '', 40, '2010-02-12 16:31:59', '2010-02-12 16:31:59'),
(82, 'CMTY Weblogic', '', '', 59, '2010-02-12 16:31:59', '2010-02-12 16:31:59'),
(83, 'General WMRM Service', '', '', 42, '2010-02-12 16:31:59', '2010-02-12 16:31:59'),
(84, 'CIM/ODOL Entitlement 2.x Web Service', '', 'ent/management/alive', 26, '2010-02-12 16:31:59', '2010-02-12 16:31:59'),
(85, 'SOLR AP', '', '', 60, '2010-02-12 16:31:59', '2010-02-12 16:31:59'),
(86, 'SOLR INDemand', '', '', 60, '2010-02-12 16:31:59', '2010-02-12 16:31:59'),
(87, 'MPS Usage', '', '', 47, '2010-02-12 16:31:59', '2010-02-12 16:31:59'),
(88, 'CMTY Usage', '', '', 47, '2010-02-12 16:31:59', '2010-02-12 16:31:59'),
(89, 'Sharing Web Service', '', '', 61, '2010-02-12 16:31:59', '2010-02-12 16:31:59'),
(90, 'Sharing Data Service', '', '', 48, '2010-02-12 16:31:59', '2010-02-12 16:31:59'),
(91, 'File Management Service', '', '', 50, '2010-02-12 16:31:59', '2010-02-12 16:31:59'),
(92, 'Media Data Service', '', '', 49, '2010-02-12 16:31:59', '2010-02-12 16:31:59'),
(93, 'Player Admin', '', '', 51, '2010-02-12 16:31:59', '2010-02-12 16:31:59'),
(94, 'Player Data Service', '', '', 53, '2010-02-12 16:31:59', '2010-02-12 16:31:59'),
(95, 'Player Link', '', '', 52, '2010-02-12 16:31:59', '2010-02-12 16:31:59'),
(96, 'Player Admin WebLogic', '', '', 59, '2010-02-12 16:31:59', '2010-02-12 16:31:59'),
(97, 'General Feed Servers', '', '', 38, '2010-02-12 16:31:59', '2010-02-12 16:31:59'),
(98, 'AP', '', '', 38, '2010-02-12 16:31:59', '2010-02-12 16:31:59'),
(99, 'CBC', '', '', 38, '2010-02-12 16:31:59', '2010-02-12 16:31:59'),
(100, 'CMC', '', '', 38, '2010-02-12 16:31:59', '2010-02-12 16:31:59'),
(101, 'CSN', '', '', 38, '2010-02-12 16:31:59', '2010-02-12 16:31:59'),
(102, 'CSTV', '', '', 38, '2010-02-12 16:31:59', '2010-02-12 16:31:59'),
(103, 'Fox', '', '', 38, '2010-02-12 16:31:59', '2010-02-12 16:31:59'),
(104, 'IND', '', '', 38, '2010-02-12 16:31:59', '2010-02-12 16:31:59'),
(105, 'NBC', '', '', 38, '2010-02-12 16:31:59', '2010-02-12 16:31:59'),
(106, 'NDM', '', '', 38, '2010-02-12 16:31:59', '2010-02-12 16:31:59'),
(107, 'PBS', '', '', 38, '2010-02-12 16:31:59', '2010-02-12 16:31:59'),
(108, 'General Selector', '', '', 54, '2010-02-12 16:31:59', '2010-02-12 16:31:59'),
(109, 'General Delivery Data Service', '', '', 55, '2010-02-12 16:31:59', '2010-02-12 16:31:59'),
(110, 'General Web Endpoint', '', '', 57, '2010-02-12 16:31:59', '2010-02-12 16:31:59'),
(111, 'CBS Web Endpoint', '', '', 57, '2010-02-12 16:31:59', '2010-02-12 16:31:59'),
(112, 'Generic Connector Service', '', '', 58, '2010-02-12 16:31:59', '2010-02-12 16:31:59'),
(113, 'CBS Connector Service', '', '', 58, '2010-02-12 16:31:59', '2010-02-12 16:31:59'),
(114, 'Weblogic Connectors', '', '', 59, '2010-02-12 16:31:59', '2010-02-12 16:31:59'),
(115, 'IND Web Endpoint', '', '', 57, '2010-02-12 16:31:59', '2010-02-12 16:31:59'),
(116, 'IND Connector Service', '', '', 58, '2010-02-12 16:31:59', '2010-02-12 16:31:59'),
(117, 'Delete me', '', '', 39, '2010-02-12 16:31:59', '2010-02-12 16:31:59'),
(118, 'General Shared RMP', '', '', 39, '2010-02-12 16:31:59', '2010-02-12 16:31:59'),
(119, 'Flip Factory 3.1', '', '', 39, '2010-02-12 16:31:59', '2010-02-12 16:31:59'),
(120, 'Flip Factory 5.1', '', '', 39, '2010-02-12 16:31:59', '2010-02-12 16:31:59'),
(122, 'Flix Encoder', '', '', 39, '2010-02-12 16:31:59', '2010-02-12 16:31:59'),
(127, 'WM Encoder', '', '', 40, '2010-02-12 16:31:59', '2010-02-12 16:31:59'),
(128, 'Rhozet Encoder - General', '', '', 40, '2010-02-12 16:31:59', '2010-02-12 16:31:59'),
(130, 'Rhozet Server - Farm Long', '', '', 40, '2010-02-12 16:31:59', '2010-02-12 16:31:59'),
(131, 'Rhozet Thumbnails', '', '', 40, '2010-02-12 16:31:59', '2010-02-12 16:31:59'),
(132, 'Rhozet Agent Long', '', '', 62, '2010-02-12 16:31:59', '2010-02-12 16:31:59'),
(133, 'Rhozet Agent Short', '', '', 62, '2010-02-12 16:31:59', '2010-02-12 16:31:59'),
(134, 'General Shared RMP', '', '', 40, '2010-02-12 16:31:59', '2010-02-12 16:31:59');

-- --------------------------------------------------------

--
-- Table structure for table `app_instances`
--

CREATE TABLE IF NOT EXISTS `app_instances` (
  `id` int(11) NOT NULL AUTO_INCREMENT,
  `apps_id` int(11) NOT NULL,
  `process_instances_id` int(11) NOT NULL,
  `created_at` datetime NOT NULL,
  `updated_at` datetime NOT NULL,
  `active` tinyint(1) NOT NULL,
  PRIMARY KEY (`id`),
  KEY `fk_app_instances_apps1` (`apps_id`),
  KEY `fk_app_instances_process_instances1` (`process_instances_id`)
) ENGINE=InnoDB  DEFAULT CHARSET=latin1 AUTO_INCREMENT=298 ;

--
-- Dumping data for table `app_instances`
--

INSERT INTO `app_instances` (`id`, `apps_id`, `process_instances_id`, `created_at`, `updated_at`, `active`) VALUES
(1, 1, 1, '2010-02-12 16:31:59', '2010-02-12 16:31:59', 0),
(2, 1, 2, '2010-02-12 16:31:59', '2010-02-12 16:31:59', 0),
(3, 2, 1, '2010-02-12 16:31:59', '2010-02-12 16:31:59', 0),
(4, 2, 2, '2010-02-12 16:31:59', '2010-02-12 16:31:59', 0),
(5, 3, 3, '2010-02-12 16:31:59', '2010-02-12 16:31:59', 0),
(6, 3, 4, '2010-02-12 16:31:59', '2010-02-12 16:31:59', 0),
(7, 4, 5, '2010-02-12 16:31:59', '2010-02-12 16:31:59', 0),
(8, 4, 6, '2010-02-12 16:31:59', '2010-02-12 16:31:59', 0),
(9, 5, 7, '2010-02-12 16:31:59', '2010-02-12 16:31:59', 0),
(10, 5, 8, '2010-02-12 16:31:59', '2010-02-12 16:31:59', 0),
(11, 6, 9, '2010-02-12 16:31:59', '2010-02-12 16:31:59', 0),
(12, 6, 10, '2010-02-12 16:31:59', '2010-02-12 16:31:59', 0),
(13, 6, 11, '2010-02-12 16:31:59', '2010-02-12 16:31:59', 0),
(14, 7, 12, '2010-02-12 16:31:59', '2010-02-12 16:31:59', 0),
(15, 7, 13, '2010-02-12 16:31:59', '2010-02-12 16:31:59', 0),
(16, 7, 14, '2010-02-12 16:31:59', '2010-02-12 16:31:59', 0),
(17, 8, 15, '2010-02-12 16:31:59', '2010-02-12 16:31:59', 0),
(18, 8, 16, '2010-02-12 16:31:59', '2010-02-12 16:31:59', 0),
(19, 8, 17, '2010-02-12 16:31:59', '2010-02-12 16:31:59', 0),
(20, 9, 15, '2010-02-12 16:31:59', '2010-02-12 16:31:59', 0),
(21, 9, 16, '2010-02-12 16:31:59', '2010-02-12 16:31:59', 0),
(22, 9, 17, '2010-02-12 16:31:59', '2010-02-12 16:31:59', 0),
(23, 10, 15, '2010-02-12 16:31:59', '2010-02-12 16:31:59', 0),
(24, 10, 16, '2010-02-12 16:31:59', '2010-02-12 16:31:59', 0),
(25, 10, 17, '2010-02-12 16:31:59', '2010-02-12 16:31:59', 0),
(26, 11, 18, '2010-02-12 16:31:59', '2010-02-12 16:31:59', 0),
(27, 11, 19, '2010-02-12 16:31:59', '2010-02-12 16:31:59', 0),
(28, 11, 20, '2010-02-12 16:31:59', '2010-02-12 16:31:59', 0),
(29, 11, 21, '2010-02-12 16:31:59', '2010-02-12 16:31:59', 0),
(30, 12, 18, '2010-02-12 16:31:59', '2010-02-12 16:31:59', 0),
(31, 12, 19, '2010-02-12 16:31:59', '2010-02-12 16:31:59', 0),
(32, 12, 20, '2010-02-12 16:31:59', '2010-02-12 16:31:59', 0),
(33, 12, 21, '2010-02-12 16:31:59', '2010-02-12 16:31:59', 0),
(34, 13, 22, '2010-02-12 16:31:59', '2010-02-12 16:31:59', 0),
(35, 13, 23, '2010-02-12 16:31:59', '2010-02-12 16:31:59', 0),
(36, 13, 24, '2010-02-12 16:31:59', '2010-02-12 16:31:59', 0),
(37, 13, 25, '2010-02-12 16:31:59', '2010-02-12 16:31:59', 0),
(38, 13, 26, '2010-02-12 16:31:59', '2010-02-12 16:31:59', 0),
(39, 13, 27, '2010-02-12 16:31:59', '2010-02-12 16:31:59', 0),
(40, 14, 22, '2010-02-12 16:31:59', '2010-02-12 16:31:59', 0),
(41, 14, 23, '2010-02-12 16:31:59', '2010-02-12 16:31:59', 0),
(42, 14, 24, '2010-02-12 16:31:59', '2010-02-12 16:31:59', 0),
(43, 14, 25, '2010-02-12 16:31:59', '2010-02-12 16:31:59', 0),
(44, 14, 26, '2010-02-12 16:31:59', '2010-02-12 16:31:59', 0),
(45, 14, 27, '2010-02-12 16:31:59', '2010-02-12 16:31:59', 0),
(46, 15, 28, '2010-02-12 16:31:59', '2010-02-12 16:31:59', 0),
(47, 15, 29, '2010-02-12 16:31:59', '2010-02-12 16:31:59', 0),
(48, 15, 30, '2010-02-12 16:31:59', '2010-02-12 16:31:59', 0),
(49, 15, 31, '2010-02-12 16:31:59', '2010-02-12 16:31:59', 0),
(50, 16, 28, '2010-02-12 16:31:59', '2010-02-12 16:31:59', 0),
(51, 16, 29, '2010-02-12 16:31:59', '2010-02-12 16:31:59', 0),
(52, 16, 30, '2010-02-12 16:31:59', '2010-02-12 16:31:59', 0),
(53, 16, 31, '2010-02-12 16:31:59', '2010-02-12 16:31:59', 0),
(54, 17, 28, '2010-02-12 16:31:59', '2010-02-12 16:31:59', 0),
(55, 17, 29, '2010-02-12 16:31:59', '2010-02-12 16:31:59', 0),
(56, 17, 30, '2010-02-12 16:31:59', '2010-02-12 16:31:59', 0),
(57, 17, 31, '2010-02-12 16:31:59', '2010-02-12 16:31:59', 0),
(58, 18, 32, '2010-02-12 16:31:59', '2010-02-12 16:31:59', 0),
(59, 18, 33, '2010-02-12 16:31:59', '2010-02-12 16:31:59', 0),
(60, 18, 34, '2010-02-12 16:31:59', '2010-02-12 16:31:59', 0),
(61, 18, 35, '2010-02-12 16:31:59', '2010-02-12 16:31:59', 0),
(62, 19, 32, '2010-02-12 16:31:59', '2010-02-12 16:31:59', 0),
(63, 19, 33, '2010-02-12 16:31:59', '2010-02-12 16:31:59', 0),
(64, 19, 34, '2010-02-12 16:31:59', '2010-02-12 16:31:59', 0),
(65, 19, 35, '2010-02-12 16:31:59', '2010-02-12 16:31:59', 0),
(66, 20, 32, '2010-02-12 16:31:59', '2010-02-12 16:31:59', 0),
(67, 20, 33, '2010-02-12 16:31:59', '2010-02-12 16:31:59', 0),
(68, 20, 34, '2010-02-12 16:31:59', '2010-02-12 16:31:59', 0),
(69, 20, 35, '2010-02-12 16:31:59', '2010-02-12 16:31:59', 0),
(70, 21, 32, '2010-02-12 16:31:59', '2010-02-12 16:31:59', 0),
(71, 21, 33, '2010-02-12 16:31:59', '2010-02-12 16:31:59', 0),
(72, 21, 34, '2010-02-12 16:31:59', '2010-02-12 16:31:59', 0),
(73, 21, 35, '2010-02-12 16:31:59', '2010-02-12 16:31:59', 0),
(74, 22, 36, '2010-02-12 16:31:59', '2010-02-12 16:31:59', 0),
(75, 22, 37, '2010-02-12 16:31:59', '2010-02-12 16:31:59', 0),
(76, 22, 38, '2010-02-12 16:31:59', '2010-02-12 16:31:59', 0),
(77, 22, 39, '2010-02-12 16:31:59', '2010-02-12 16:31:59', 0),
(78, 23, 36, '2010-02-12 16:31:59', '2010-02-12 16:31:59', 0),
(79, 23, 37, '2010-02-12 16:31:59', '2010-02-12 16:31:59', 0),
(80, 23, 38, '2010-02-12 16:31:59', '2010-02-12 16:31:59', 0),
(81, 23, 39, '2010-02-12 16:31:59', '2010-02-12 16:31:59', 0),
(82, 24, 40, '2010-02-12 16:31:59', '2010-02-12 16:31:59', 0),
(83, 24, 41, '2010-02-12 16:31:59', '2010-02-12 16:31:59', 0),
(84, 24, 42, '2010-02-12 16:31:59', '2010-02-12 16:31:59', 0),
(85, 24, 43, '2010-02-12 16:31:59', '2010-02-12 16:31:59', 0),
(86, 25, 44, '2010-02-12 16:31:59', '2010-02-12 16:31:59', 0),
(87, 25, 45, '2010-02-12 16:31:59', '2010-02-12 16:31:59', 0),
(88, 25, 46, '2010-02-12 16:31:59', '2010-02-12 16:31:59', 0),
(89, 25, 47, '2010-02-12 16:31:59', '2010-02-12 16:31:59', 0),
(90, 26, 48, '2010-02-12 16:31:59', '2010-02-12 16:31:59', 0),
(91, 26, 49, '2010-02-12 16:31:59', '2010-02-12 16:31:59', 0),
(92, 26, 50, '2010-02-12 16:31:59', '2010-02-12 16:31:59', 0),
(93, 26, 51, '2010-02-12 16:31:59', '2010-02-12 16:31:59', 0),
(94, 26, 52, '2010-02-12 16:31:59', '2010-02-12 16:31:59', 0),
(95, 27, 53, '2010-02-12 16:31:59', '2010-02-12 16:31:59', 0),
(96, 27, 54, '2010-02-12 16:31:59', '2010-02-12 16:31:59', 0),
(97, 27, 55, '2010-02-12 16:31:59', '2010-02-12 16:31:59', 0),
(98, 27, 56, '2010-02-12 16:31:59', '2010-02-12 16:31:59', 0),
(99, 27, 57, '2010-02-12 16:31:59', '2010-02-12 16:31:59', 0),
(100, 28, 53, '2010-02-12 16:31:59', '2010-02-12 16:31:59', 0),
(101, 28, 54, '2010-02-12 16:31:59', '2010-02-12 16:31:59', 0),
(102, 28, 55, '2010-02-12 16:31:59', '2010-02-12 16:31:59', 0),
(103, 28, 56, '2010-02-12 16:31:59', '2010-02-12 16:31:59', 0),
(104, 28, 57, '2010-02-12 16:31:59', '2010-02-12 16:31:59', 0),
(105, 29, 58, '2010-02-12 16:31:59', '2010-02-12 16:31:59', 0),
(106, 29, 59, '2010-02-12 16:31:59', '2010-02-12 16:31:59', 0),
(107, 29, 60, '2010-02-12 16:31:59', '2010-02-12 16:31:59', 0),
(108, 29, 61, '2010-02-12 16:31:59', '2010-02-12 16:31:59', 0),
(109, 29, 62, '2010-02-12 16:31:59', '2010-02-12 16:31:59', 0),
(110, 30, 63, '2010-02-12 16:31:59', '2010-02-12 16:31:59', 0),
(111, 30, 64, '2010-02-12 16:31:59', '2010-02-12 16:31:59', 0),
(112, 30, 65, '2010-02-12 16:31:59', '2010-02-12 16:31:59', 0),
(113, 30, 66, '2010-02-12 16:31:59', '2010-02-12 16:31:59', 0),
(114, 30, 67, '2010-02-12 16:31:59', '2010-02-12 16:31:59', 0),
(115, 31, 63, '2010-02-12 16:31:59', '2010-02-12 16:31:59', 0),
(116, 31, 64, '2010-02-12 16:31:59', '2010-02-12 16:31:59', 0),
(117, 31, 65, '2010-02-12 16:31:59', '2010-02-12 16:31:59', 0),
(118, 31, 66, '2010-02-12 16:31:59', '2010-02-12 16:31:59', 0),
(119, 31, 67, '2010-02-12 16:31:59', '2010-02-12 16:31:59', 0),
(120, 32, 68, '2010-02-12 16:31:59', '2010-02-12 16:31:59', 0),
(121, 32, 69, '2010-02-12 16:31:59', '2010-02-12 16:31:59', 0),
(122, 32, 70, '2010-02-12 16:31:59', '2010-02-12 16:31:59', 0),
(123, 33, 71, '2010-02-12 16:31:59', '2010-02-12 16:31:59', 0),
(124, 33, 72, '2010-02-12 16:31:59', '2010-02-12 16:31:59', 0),
(125, 33, 73, '2010-02-12 16:31:59', '2010-02-12 16:31:59', 0),
(126, 34, 74, '2010-02-12 16:31:59', '2010-02-12 16:31:59', 0),
(127, 34, 75, '2010-02-12 16:31:59', '2010-02-12 16:31:59', 0),
(128, 34, 76, '2010-02-12 16:31:59', '2010-02-12 16:31:59', 0),
(129, 35, 77, '2010-02-12 16:31:59', '2010-02-12 16:31:59', 0),
(130, 35, 78, '2010-02-12 16:31:59', '2010-02-12 16:31:59', 0),
(131, 36, 79, '2010-02-12 16:31:59', '2010-02-12 16:31:59', 0),
(132, 36, 80, '2010-02-12 16:31:59', '2010-02-12 16:31:59', 0),
(133, 36, 81, '2010-02-12 16:31:59', '2010-02-12 16:31:59', 0),
(134, 36, 82, '2010-02-12 16:31:59', '2010-02-12 16:31:59', 0),
(135, 37, 83, '2010-02-12 16:31:59', '2010-02-12 16:31:59', 0),
(136, 37, 84, '2010-02-12 16:31:59', '2010-02-12 16:31:59', 0),
(137, 37, 85, '2010-02-12 16:31:59', '2010-02-12 16:31:59', 0),
(138, 37, 86, '2010-02-12 16:31:59', '2010-02-12 16:31:59', 0),
(139, 38, 87, '2010-02-12 16:31:59', '2010-02-12 16:31:59', 0),
(140, 38, 88, '2010-02-12 16:31:59', '2010-02-12 16:31:59', 0),
(141, 38, 89, '2010-02-12 16:31:59', '2010-02-12 16:31:59', 0),
(142, 38, 90, '2010-02-12 16:31:59', '2010-02-12 16:31:59', 0),
(143, 39, 87, '2010-02-12 16:31:59', '2010-02-12 16:31:59', 0),
(144, 39, 88, '2010-02-12 16:31:59', '2010-02-12 16:31:59', 0),
(145, 39, 89, '2010-02-12 16:31:59', '2010-02-12 16:31:59', 0),
(146, 39, 90, '2010-02-12 16:31:59', '2010-02-12 16:31:59', 0),
(147, 40, 87, '2010-02-12 16:31:59', '2010-02-12 16:31:59', 0),
(148, 40, 88, '2010-02-12 16:31:59', '2010-02-12 16:31:59', 0),
(149, 40, 89, '2010-02-12 16:31:59', '2010-02-12 16:31:59', 0),
(150, 40, 90, '2010-02-12 16:31:59', '2010-02-12 16:31:59', 0),
(151, 41, 91, '2010-02-12 16:31:59', '2010-02-12 16:31:59', 0),
(152, 41, 92, '2010-02-12 16:31:59', '2010-02-12 16:31:59', 0),
(153, 41, 93, '2010-02-12 16:31:59', '2010-02-12 16:31:59', 0),
(154, 41, 94, '2010-02-12 16:31:59', '2010-02-12 16:31:59', 0),
(155, 42, 95, '2010-02-12 16:31:59', '2010-02-12 16:31:59', 0),
(156, 42, 96, '2010-02-12 16:31:59', '2010-02-12 16:31:59', 0),
(157, 42, 97, '2010-02-12 16:31:59', '2010-02-12 16:31:59', 0),
(158, 43, 98, '2010-02-12 16:31:59', '2010-02-12 16:31:59', 0),
(159, 43, 99, '2010-02-12 16:31:59', '2010-02-12 16:31:59', 0),
(160, 44, 98, '2010-02-12 16:31:59', '2010-02-12 16:31:59', 0),
(161, 44, 99, '2010-02-12 16:31:59', '2010-02-12 16:31:59', 0),
(162, 45, 98, '2010-02-12 16:31:59', '2010-02-12 16:31:59', 0),
(163, 45, 99, '2010-02-12 16:31:59', '2010-02-12 16:31:59', 0),
(164, 46, 98, '2010-02-12 16:31:59', '2010-02-12 16:31:59', 0),
(165, 46, 99, '2010-02-12 16:31:59', '2010-02-12 16:31:59', 0),
(166, 47, 100, '2010-02-12 16:31:59', '2010-02-12 16:31:59', 0),
(167, 47, 101, '2010-02-12 16:31:59', '2010-02-12 16:31:59', 0),
(168, 47, 102, '2010-02-12 16:31:59', '2010-02-12 16:31:59', 0),
(169, 48, 100, '2010-02-12 16:31:59', '2010-02-12 16:31:59', 0),
(170, 48, 101, '2010-02-12 16:31:59', '2010-02-12 16:31:59', 0),
(171, 48, 102, '2010-02-12 16:31:59', '2010-02-12 16:31:59', 0),
(172, 49, 100, '2010-02-12 16:31:59', '2010-02-12 16:31:59', 0),
(173, 49, 101, '2010-02-12 16:31:59', '2010-02-12 16:31:59', 0),
(174, 49, 102, '2010-02-12 16:31:59', '2010-02-12 16:31:59', 0),
(175, 50, 100, '2010-02-12 16:31:59', '2010-02-12 16:31:59', 0),
(176, 50, 101, '2010-02-12 16:31:59', '2010-02-12 16:31:59', 0),
(177, 50, 102, '2010-02-12 16:31:59', '2010-02-12 16:31:59', 0),
(178, 51, 100, '2010-02-12 16:31:59', '2010-02-12 16:31:59', 0),
(179, 51, 101, '2010-02-12 16:31:59', '2010-02-12 16:31:59', 0),
(180, 51, 102, '2010-02-12 16:31:59', '2010-02-12 16:31:59', 0),
(181, 52, 100, '2010-02-12 16:31:59', '2010-02-12 16:31:59', 0),
(182, 52, 101, '2010-02-12 16:31:59', '2010-02-12 16:31:59', 0),
(183, 52, 102, '2010-02-12 16:31:59', '2010-02-12 16:31:59', 0),
(184, 53, 100, '2010-02-12 16:31:59', '2010-02-12 16:31:59', 0),
(185, 53, 101, '2010-02-12 16:31:59', '2010-02-12 16:31:59', 0),
(186, 53, 102, '2010-02-12 16:31:59', '2010-02-12 16:31:59', 0),
(187, 54, 100, '2010-02-12 16:31:59', '2010-02-12 16:31:59', 0),
(188, 54, 101, '2010-02-12 16:31:59', '2010-02-12 16:31:59', 0),
(189, 54, 102, '2010-02-12 16:31:59', '2010-02-12 16:31:59', 0),
(190, 55, 100, '2010-02-12 16:31:59', '2010-02-12 16:31:59', 0),
(191, 55, 101, '2010-02-12 16:31:59', '2010-02-12 16:31:59', 0),
(192, 55, 102, '2010-02-12 16:31:59', '2010-02-12 16:31:59', 0),
(193, 56, 103, '2010-02-12 16:31:59', '2010-02-12 16:31:59', 0),
(194, 56, 104, '2010-02-12 16:31:59', '2010-02-12 16:31:59', 0),
(195, 57, 105, '2010-02-12 16:31:59', '2010-02-12 16:31:59', 0),
(196, 58, 106, '2010-02-12 16:31:59', '2010-02-12 16:31:59', 0),
(197, 58, 107, '2010-02-12 16:31:59', '2010-02-12 16:31:59', 0),
(198, 58, 108, '2010-02-12 16:31:59', '2010-02-12 16:31:59', 0),
(199, 59, 109, '2010-02-12 16:31:59', '2010-02-12 16:31:59', 0),
(200, 59, 110, '2010-02-12 16:31:59', '2010-02-12 16:31:59', 0),
(201, 59, 111, '2010-02-12 16:31:59', '2010-02-12 16:31:59', 0),
(202, 60, 112, '2010-02-12 16:31:59', '2010-02-12 16:31:59', 0),
(203, 60, 113, '2010-02-12 16:31:59', '2010-02-12 16:31:59', 0),
(204, 61, 114, '2010-02-12 16:31:59', '2010-02-12 16:31:59', 0),
(205, 61, 115, '2010-02-12 16:31:59', '2010-02-12 16:31:59', 0),
(206, 62, 114, '2010-02-12 16:31:59', '2010-02-12 16:31:59', 0),
(207, 62, 115, '2010-02-12 16:31:59', '2010-02-12 16:31:59', 0),
(208, 63, 114, '2010-02-12 16:31:59', '2010-02-12 16:31:59', 0),
(209, 63, 115, '2010-02-12 16:31:59', '2010-02-12 16:31:59', 0),
(210, 66, 117, '2010-02-12 16:31:59', '2010-02-12 16:31:59', 0),
(211, 66, 118, '2010-02-12 16:31:59', '2010-02-12 16:31:59', 0),
(212, 66, 119, '2010-02-12 16:31:59', '2010-02-12 16:31:59', 0),
(214, 66, 120, '2010-02-12 16:31:59', '2010-02-12 16:31:59', 0),
(215, 66, 122, '2010-02-12 16:31:59', '2010-02-12 16:31:59', 0),
(217, 66, 124, '2010-02-12 16:31:59', '2010-02-12 16:31:59', 0),
(218, 66, 126, '2010-02-12 16:31:59', '2010-02-12 16:31:59', 0),
(219, 66, 127, '2010-02-12 16:31:59', '2010-02-12 16:31:59', 0),
(220, 68, 128, '2010-02-12 16:31:59', '2010-02-12 16:31:59', 0),
(221, 68, 129, '2010-02-12 16:31:59', '2010-02-12 16:31:59', 0),
(222, 65, 131, '2010-02-12 16:31:59', '2010-02-12 16:31:59', 0),
(224, 77, 132, '2010-02-12 16:31:59', '2010-02-12 16:31:59', 0),
(226, 77, 133, '2010-02-12 16:31:59', '2010-02-12 16:31:59', 0),
(227, 73, 134, '2010-02-12 16:31:59', '2010-02-12 16:31:59', 0),
(232, 69, 135, '2010-02-12 16:31:59', '2010-02-12 16:31:59', 0),
(233, 69, 138, '2010-02-12 16:31:59', '2010-02-12 16:31:59', 0),
(234, 70, 139, '2010-02-12 16:31:59', '2010-02-12 16:31:59', 0),
(235, 70, 140, '2010-02-12 16:31:59', '2010-02-12 16:31:59', 0),
(236, 76, 141, '2010-02-12 16:31:59', '2010-02-12 16:31:59', 0),
(237, 76, 142, '2010-02-12 16:31:59', '2010-02-12 16:31:59', 0),
(238, 71, 143, '2010-02-12 16:31:59', '2010-02-12 16:31:59', 0),
(239, 72, 145, '2010-02-12 16:31:59', '2010-02-12 16:31:59', 0),
(240, 64, 146, '2010-02-12 16:31:59', '2010-02-12 16:31:59', 0),
(241, 64, 147, '2010-02-12 16:31:59', '2010-02-12 16:31:59', 0),
(242, 64, 148, '2010-02-12 16:31:59', '2010-02-12 16:31:59', 0),
(243, 64, 149, '2010-02-12 16:31:59', '2010-02-12 16:31:59', 0),
(244, 64, 150, '2010-02-12 16:31:59', '2010-02-12 16:31:59', 0),
(245, 64, 151, '2010-02-12 16:31:59', '2010-02-12 16:31:59', 0),
(246, 64, 152, '2010-02-12 16:31:59', '2010-02-12 16:31:59', 0),
(247, 73, 153, '2010-02-12 16:31:59', '2010-02-12 16:31:59', 0),
(248, 74, 155, '2010-02-12 16:31:59', '2010-02-12 16:31:59', 0),
(250, 74, 156, '2010-02-12 16:31:59', '2010-02-12 16:31:59', 0),
(251, 74, 157, '2010-02-12 16:31:59', '2010-02-12 16:31:59', 0),
(252, 74, 158, '2010-02-12 16:31:59', '2010-02-12 16:31:59', 0),
(253, 74, 159, '2010-02-12 16:31:59', '2010-02-12 16:31:59', 0),
(254, 75, 160, '2010-02-12 16:31:59', '2010-02-12 16:31:59', 0),
(255, 75, 161, '2010-02-12 16:31:59', '2010-02-12 16:31:59', 0),
(257, 128, 169, '2010-02-12 16:31:59', '2010-02-12 16:31:59', 0),
(258, 128, 170, '2010-02-12 16:31:59', '2010-02-12 16:31:59', 0),
(259, 128, 171, '2010-02-12 16:31:59', '2010-02-12 16:31:59', 0),
(260, 118, 164, '2010-02-12 16:31:59', '2010-02-12 16:31:59', 0),
(262, 118, 166, '2010-02-12 16:31:59', '2010-02-12 16:31:59', 0),
(263, 118, 167, '2010-02-12 16:31:59', '2010-02-12 16:31:59', 0),
(264, 118, 168, '2010-02-12 16:31:59', '2010-02-12 16:31:59', 0),
(265, 119, 181, '2010-02-12 16:31:59', '2010-02-12 16:31:59', 0),
(266, 120, 182, '2010-02-12 16:31:59', '2010-02-12 16:31:59', 0),
(267, 122, 183, '2010-02-12 16:31:59', '2010-02-12 16:31:59', 0),
(268, 122, 184, '2010-02-12 16:31:59', '2010-02-12 16:31:59', 0),
(269, 122, 185, '2010-02-12 16:31:59', '2010-02-12 16:31:59', 0),
(270, 127, 190, '2010-02-12 16:31:59', '2010-02-12 16:31:59', 0),
(271, 127, 191, '2010-02-12 16:31:59', '2010-02-12 16:31:59', 0),
(272, 127, 192, '2010-02-12 16:31:59', '2010-02-12 16:31:59', 0),
(273, 128, 172, '2010-02-12 16:31:59', '2010-02-12 16:31:59', 0),
(274, 128, 173, '2010-02-12 16:31:59', '2010-02-12 16:31:59', 0),
(275, 128, 175, '2010-02-12 16:31:59', '2010-02-12 16:31:59', 0),
(276, 134, 176, '2010-02-12 16:31:59', '2010-02-12 16:31:59', 0),
(277, 134, 177, '2010-02-12 16:31:59', '2010-02-12 16:31:59', 0),
(278, 134, 178, '2010-02-12 16:31:59', '2010-02-12 16:31:59', 0),
(279, 134, 179, '2010-02-12 16:31:59', '2010-02-12 16:31:59', 0),
(280, 134, 180, '2010-02-12 16:31:59', '2010-02-12 16:31:59', 0),
(281, 128, 186, '2010-02-12 16:31:59', '2010-02-12 16:31:59', 0),
(282, 81, 187, '2010-02-12 16:31:59', '2010-02-12 16:31:59', 0),
(283, 130, 188, '2010-02-12 16:31:59', '2010-02-12 16:31:59', 0),
(284, 131, 189, '2010-02-12 16:31:59', '2010-02-12 16:31:59', 0),
(285, 133, 193, '2010-02-12 16:31:59', '2010-02-12 16:31:59', 0),
(286, 133, 194, '2010-02-12 16:31:59', '2010-02-12 16:31:59', 0),
(287, 133, 195, '2010-02-12 16:31:59', '2010-02-12 16:31:59', 0),
(288, 133, 196, '2010-02-12 16:31:59', '2010-02-12 16:31:59', 0),
(289, 133, 197, '2010-02-12 16:31:59', '2010-02-12 16:31:59', 0),
(290, 133, 198, '2010-02-12 16:31:59', '2010-02-12 16:31:59', 0),
(291, 133, 199, '2010-02-12 16:31:59', '2010-02-12 16:31:59', 0),
(292, 132, 200, '2010-02-12 16:31:59', '2010-02-12 16:31:59', 0),
(293, 132, 201, '2010-02-12 16:31:59', '2010-02-12 16:31:59', 0);

-- --------------------------------------------------------

--
-- Table structure for table `confluence_play`
--

CREATE ALGORITHM=UNDEFINED DEFINER=`cfgmgr`@`%` SQL SECURITY DEFINER VIEW `cmdb`.`confluence_play` AS select `cmdb`.`vips`.`name` AS `VIP`,count(`cmdb`.`vips`.`id`) AS `ServerCount`,`cmdb`.`groups`.`name` AS `AppGroup`,`cmdb`.`environments`.`name` AS `EvnName` from (((((((`cmdb`.`service_instances` join `cmdb`.`servers` on((`cmdb`.`service_instances`.`servers_id` = `cmdb`.`servers`.`id`))) join `cmdb`.`vip_2_service_instances` on((`cmdb`.`vip_2_service_instances`.`service_instances_id` = `cmdb`.`service_instances`.`id`))) join `cmdb`.`vips` on((`cmdb`.`vip_2_service_instances`.`vips_id` = `cmdb`.`vips`.`id`))) join `cmdb`.`services` on((`cmdb`.`service_instances`.`services_id` = `cmdb`.`services`.`id`))) join `cmdb`.`groups` on((`cmdb`.`services`.`groups_id` = `cmdb`.`groups`.`id`))) join `cmdb`.`env_2_server` on((`cmdb`.`env_2_server`.`servers_id` = `cmdb`.`servers`.`id`))) join `cmdb`.`environments` on((`cmdb`.`env_2_server`.`environments_id` = `cmdb`.`environments`.`id`))) group by `cmdb`.`vips`.`name`,`cmdb`.`groups`.`name`,`cmdb`.`environments`.`name` order by `cmdb`.`environments`.`name`,`cmdb`.`groups`.`name`,`cmdb`.`vips`.`name`;

--
-- Dumping data for table `confluence_play`
--
-- in use (#1356 - View 'cmdb.confluence_play' references invalid table(s) or column(s) or function(s) or definer/invoker of view lack rights to use them)

-- --------------------------------------------------------

--
-- Table structure for table `confluence_serverlist`
--

CREATE ALGORITHM=UNDEFINED DEFINER=`cfgmgr`@`%` SQL SECURITY DEFINER VIEW `cmdb`.`confluence_serverlist` AS select `cmdb`.`servers`.`name` AS `Server_Name`,`cmdb`.`services`.`name_friendly` AS `Service_Name`,`cmdb`.`apps`.`name` AS `App_Name`,`cmdb`.`customers`.`name` AS `Customer` from (((((`cmdb`.`app_instances` join `cmdb`.`service_instances` on((`cmdb`.`app_instances`.`service_instances_id` = `cmdb`.`service_instances`.`id`))) join `cmdb`.`apps` on((`cmdb`.`app_instances`.`apps_id` = `cmdb`.`apps`.`id`))) join `cmdb`.`services` on((`cmdb`.`apps`.`services_id` = `cmdb`.`services`.`id`))) join `cmdb`.`servers` on((`cmdb`.`service_instances`.`servers_id` = `cmdb`.`servers`.`id`))) left join `cmdb`.`customers` on((`cmdb`.`service_instances`.`customers_id` = `cmdb`.`customers`.`id`)));

--
-- Dumping data for table `confluence_serverlist`
--
-- in use (#1356 - View 'cmdb.confluence_serverlist' references invalid table(s) or column(s) or function(s) or definer/invoker of view lack rights to use them)

-- --------------------------------------------------------

--
-- Table structure for table `confluence_vip_list`
--

CREATE ALGORITHM=UNDEFINED DEFINER=`cfgmgr`@`%` SQL SECURITY DEFINER VIEW `cmdb`.`confluence_vip_list` AS select `cmdb`.`vips`.`name` AS `VIP`,`cmdb`.`vip_2_service_instances`.`priority_group` AS `PGA`,`cmdb`.`servers`.`name` AS `Server`,`cmdb`.`vips`.`SSL_Enabled` AS `SSL`,`cmdb`.`service_instances`.`http_port` AS `HTTP Port`,`cmdb`.`groups`.`name` AS `Group Name`,`cmdb`.`services`.`name_friendly` AS `Service Name` from (((((`cmdb`.`service_instances` join `cmdb`.`services` on((`cmdb`.`service_instances`.`services_id` = `cmdb`.`services`.`id`))) join `cmdb`.`vip_2_service_instances` on((`cmdb`.`vip_2_service_instances`.`service_instances_id` = `cmdb`.`service_instances`.`id`))) join `cmdb`.`vips` on((`cmdb`.`vip_2_service_instances`.`vips_id` = `cmdb`.`vips`.`id`))) join `cmdb`.`servers` on((`cmdb`.`service_instances`.`servers_id` = `cmdb`.`servers`.`id`))) join `cmdb`.`groups` on((`cmdb`.`services`.`groups_id` = `cmdb`.`groups`.`id`))) order by `cmdb`.`vips`.`name`,`cmdb`.`vip_2_service_instances`.`priority_group` desc,`cmdb`.`servers`.`name`;

--
-- Dumping data for table `confluence_vip_list`
--
-- in use (#1356 - View 'cmdb.confluence_vip_list' references invalid table(s) or column(s) or function(s) or definer/invoker of view lack rights to use them)

-- --------------------------------------------------------

--
-- Table structure for table `customers`
--

CREATE TABLE IF NOT EXISTS `customers` (
  `id` int(11) NOT NULL AUTO_INCREMENT,
  `name` varchar(45) DEFAULT NULL,
  `created_at` datetime NOT NULL,
  `updated_at` datetime NOT NULL,
  `name_short` varchar(45) DEFAULT NULL,
  PRIMARY KEY (`id`)
) ENGINE=InnoDB  DEFAULT CHARSET=latin1 AUTO_INCREMENT=19 ;

--
-- Dumping data for table `customers`
--

INSERT INTO `customers` (`id`, `name`, `created_at`, `updated_at`, `name_short`) VALUES
(1, 'thePlatform', '2010-02-12 16:31:59', '2010-02-12 16:31:59', 'TP'),
(2, 'Starz', '2010-02-12 16:31:59', '2010-02-12 16:31:59', 'STZ'),
(3, 'NBBC', '2010-02-12 16:31:59', '2010-02-12 16:31:59', 'NBB'),
(4, 'NBC', '2010-02-12 16:31:59', '2010-02-12 16:31:59', 'NBC'),
(5, 'Airborne', '2010-02-12 16:31:59', '2010-02-12 16:31:59', 'AIR'),
(6, 'PBS', '2010-02-12 16:31:59', '2010-02-12 16:31:59', 'PBS'),
(7, 'Gannett', '2010-02-12 16:31:59', '2010-02-12 16:31:59', 'GNT'),
(8, 'Big Ten Network', '2010-02-12 16:31:59', '2010-02-12 16:31:59', 'BTN'),
(9, 'CBS', '2010-02-12 16:31:59', '2010-02-12 16:31:59', 'CBS'),
(10, 'CNBC', '2010-02-12 16:31:59', '2010-02-12 16:31:59', 'CNBC'),
(11, 'British Telecom', '2010-02-12 16:31:59', '2010-02-12 16:31:59', 'BT'),
(12, 'Comcast Media Center', '2010-02-12 16:31:59', '2010-02-12 16:31:59', 'CMC'),
(13, 'Comcast Sports Network', '2010-02-12 16:31:59', '2010-02-12 16:31:59', 'CSN'),
(14, 'Comcast Cable', '2010-02-12 16:31:59', '2010-02-12 16:31:59', 'COM'),
(15, 'Rogers', '2010-02-12 16:31:59', '2010-02-12 16:31:59', 'RGR'),
(16, 'Travel Channel', '2010-02-12 16:31:59', '2010-02-12 16:31:59', 'TRVC');

-- --------------------------------------------------------

--
-- Table structure for table `dbs`
--

CREATE TABLE IF NOT EXISTS `dbs` (
  `id` int(11) NOT NULL AUTO_INCREMENT,
  `name` varchar(45) DEFAULT NULL,
  `user` varchar(45) DEFAULT NULL,
  `port` int(4) DEFAULT NULL,
  `status` varchar(45) DEFAULT NULL,
  `san_disk` varchar(45) DEFAULT NULL,
  `servers_id` int(11) NOT NULL,
  `created_at` datetime NOT NULL,
  `updated_at` datetime NOT NULL,
  PRIMARY KEY (`id`),
  KEY `fk_databases_servers` (`servers_id`)
) ENGINE=InnoDB  DEFAULT CHARSET=latin1 AUTO_INCREMENT=355 ;

--
-- Dumping data for table `dbs`
--

INSERT INTO `dbs` (`id`, `name`, `user`, `port`, `status`, `san_disk`, `servers_id`, `created_at`, `updated_at`) VALUES
(265, 'pl_enduser_permission_service', 'usr_perm_svc', 3306, 'Active', 'EVA1', 52, '2010-02-12 16:31:59', '2010-02-12 16:31:59'),
(266, 'pl_enduser_identity_service', 'usr_ident_svc', 3306, 'Active', 'EVA1', 52, '2010-02-12 16:31:59', '2010-02-12 16:31:59'),
(267, 'wl_jms', 'jms', 3306, 'Active', 'EVA1', 52, '2010-02-12 16:31:59', '2010-02-12 16:31:59'),
(268, 'pl_enduser_identity_service', 'usr_ident_svc_ro', 3306, 'Sorry', 'EVA2', 53, '2010-02-12 16:31:59', '2010-02-12 16:31:59'),
(269, 'pl_enduser_permission_service', 'usr_perm_svc_ro', 3306, 'Sorry', 'EVA2', 53, '2010-02-12 16:31:59', '2010-02-12 16:31:59'),
(270, 'wl_jms', 'jms', 3306, 'Active', 'EVA2', 53, '2010-02-12 16:31:59', '2010-02-12 16:31:59'),
(271, 'pl_admin_permission_service', 'adm_perm_svc', 3306, 'Active', 'EVA1', 54, '2010-02-12 16:31:59', '2010-02-12 16:31:59'),
(272, 'pl_admin_account_service', 'adm_acct_svc', 3306, 'Active', 'EVA1', 54, '2010-02-12 16:31:59', '2010-02-12 16:31:59'),
(273, 'pl_admin_console_service', 'adm_cons_svc', 3306, 'Active', 'EVA1', 54, '2010-02-12 16:31:59', '2010-02-12 16:31:59'),
(274, 'pl_ingest_service', 'ingest_svc', 3306, 'Active', 'EVA1', 54, '2010-02-12 16:31:59', '2010-02-12 16:31:59'),
(275, 'pl_publish_profile_service', 'publish_svc', 3306, 'Active', 'EVA1', 54, '2010-02-12 16:31:59', '2010-02-12 16:31:59'),
(276, 'pl_workflow_service', 'workflow_svc', 3306, 'Active', 'EVA1', 54, '2010-02-12 16:31:59', '2010-02-12 16:31:59'),
(277, 'pl_task_service', 'task_svc', 3306, 'Active', 'EVA1', 54, '2010-02-12 16:31:59', '2010-02-12 16:31:59'),
(278, 'pl_watch_folder_service', 'watch_folder_svc', 3306, 'Active', 'EVA1', 54, '2010-02-12 16:31:59', '2010-02-12 16:31:59'),
(279, 'pl_feed_reader_service', 'feed_reader_svc', 3306, 'Active', 'EVA1', 54, '2010-02-12 16:31:59', '2010-02-12 16:31:59'),
(280, 'confluencedb', 'confluence', 3306, 'Active', 'EVA1', 155, '2010-02-12 16:31:59', '2010-02-12 16:31:59'),
(281, 'pl_admin_permission_service', 'adm_perm_svc_ro', 3306, 'Sorry', 'EVA2', 55, '2010-02-12 16:31:59', '2010-02-12 16:31:59'),
(282, 'pl_admin_account_service', 'adm_acct_svc_ro', 3306, 'Sorry', 'EVA2', 55, '2010-02-12 16:31:59', '2010-02-12 16:31:59'),
(283, 'pl_admin_console_service', 'adm_cons_svc_ro', 3306, 'Sorry', 'EVA2', 55, '2010-02-12 16:31:59', '2010-02-12 16:31:59'),
(284, 'pl_ingest_service', 'ingest_ro', 3306, 'Sorry', 'EVA2', 55, '2010-02-12 16:31:59', '2010-02-12 16:31:59'),
(285, 'pl_publish_profile_service', 'publish_ro', 3306, 'Sorry', 'EVA2', 55, '2010-02-12 16:31:59', '2010-02-12 16:31:59'),
(286, 'pl_workflow_service', 'workflow_ro', 3306, 'Active', 'EVA2', 55, '2010-02-12 16:31:59', '2010-02-12 16:31:59'),
(287, 'pl_task_service', 'task_svc_ro', 3306, 'Sorry', 'EVA2', 55, '2010-02-12 16:31:59', '2010-02-12 16:31:59'),
(288, 'pl_watch_folder_service', 'watch_folder_svc (disabled)', 3306, 'Sorry', 'EVA2', 55, '2010-02-12 16:31:59', '2010-02-12 16:31:59'),
(289, 'pl_feed_reader_service', 'feed_reader_svc (disabled)', 3306, 'Sorry', 'EVA2', 55, '2010-02-12 16:31:59', '2010-02-12 16:31:59'),
(290, 'confluencedb', 'confluence', 3306, 'Sorry', 'EVA2', 156, '2010-02-12 16:31:59', '2010-02-12 16:31:59'),
(291, 'pl_community_comment_service', 'com_comment_svc', 3306, 'Active', 'EVA1', 157, '2010-02-12 16:31:59', '2010-02-12 16:31:59'),
(292, 'pl_community_rating_service', 'com_rating_svc', 3306, 'Active', 'EVA1', 157, '2010-02-12 16:31:59', '2010-02-12 16:31:59'),
(293, 'pl_community_tag_service', 'com_tag_svc', 3306, 'Active', 'EVA1', 157, '2010-02-12 16:31:59', '2010-02-12 16:31:59'),
(294, 'pl_community_userprofile_service', 'com_userprofile_svc', 3306, 'Active', 'EVA1', 157, '2010-02-12 16:31:59', '2010-02-12 16:31:59'),
(295, 'pl_community_userlist_service', 'com_userlist_svc', 3306, 'Active', 'EVA1', 157, '2010-02-12 16:31:59', '2010-02-12 16:31:59'),
(296, 'pl_community_polling_service', 'com_pollling_svc', 3306, 'Active', 'EVA1', 157, '2010-02-12 16:31:59', '2010-02-12 16:31:59'),
(297, 'pl_community_totalrating_service', 'com_totalrating_svc', 3306, 'Active', 'EVA1', 157, '2010-02-12 16:31:59', '2010-02-12 16:31:59'),
(298, 'pl_community_totaltag_service', 'com_totaltag_svc', 3306, 'Active', 'EVA1', 157, '2010-02-12 16:31:59', '2010-02-12 16:31:59'),
(299, 'pl_community_comment_service', 'reporting_svc', 3308, 'Active', 'EVA1', 157, '2010-02-12 16:31:59', '2010-02-12 16:31:59'),
(300, 'pl_community_rating_service', 'reporting_svc', 3308, 'Active', 'EVA1', 157, '2010-02-12 16:31:59', '2010-02-12 16:31:59'),
(301, 'pl_community_tag_service', 'reporting_svc', 3308, 'Active', 'EVA1', 157, '2010-02-12 16:31:59', '2010-02-12 16:31:59'),
(302, 'pl_community_userprofile_service', 'reporting_svc', 3308, 'Active', 'EVA1', 157, '2010-02-12 16:31:59', '2010-02-12 16:31:59'),
(303, 'pl_community_userlist_service', 'reporting_svc', 3308, 'Active', 'EVA1', 157, '2010-02-12 16:31:59', '2010-02-12 16:31:59'),
(304, 'pl_community_polling_service', 'reporting_svc', 3308, 'Active', 'EVA1', 157, '2010-02-12 16:31:59', '2010-02-12 16:31:59'),
(305, 'pl_community_totalrating_service', 'reporting_svc', 3308, 'Active', 'EVA1', 157, '2010-02-12 16:31:59', '2010-02-12 16:31:59'),
(306, 'pl_community_totaltag_service', 'reporting_svc', 3308, 'Active', 'EVA1', 157, '2010-02-12 16:31:59', '2010-02-12 16:31:59'),
(307, 'pl_community_comment_service', 'com_comment_ro', 3306, 'Sorry', 'EVA2', 158, '2010-02-12 16:31:59', '2010-02-12 16:31:59'),
(308, 'pl_community_rating_service', 'com_rating_ro', 3306, 'Sorry', 'EVA2', 158, '2010-02-12 16:31:59', '2010-02-12 16:31:59'),
(309, 'pl_community_tag_service', 'com_tag_ro', 3306, 'Sorry', 'EVA2', 158, '2010-02-12 16:31:59', '2010-02-12 16:31:59'),
(310, 'pl_community_userprofile_service', 'com_userprofile_ro', 3306, 'Sorry', 'EVA2', 158, '2010-02-12 16:31:59', '2010-02-12 16:31:59'),
(311, 'pl_community_userlist_service', 'com_userlist_ro', 3306, 'Sorry', 'EVA2', 158, '2010-02-12 16:31:59', '2010-02-12 16:31:59'),
(312, 'pl_community_polling_service', 'com_polling_ro', 3306, 'Sorry', 'EVA2', 158, '2010-02-12 16:31:59', '2010-02-12 16:31:59'),
(313, 'pl_community_totalrating_service', 'com_totalrating_ro', 3306, 'Sorry', 'EVA2', 158, '2010-02-12 16:31:59', '2010-02-12 16:31:59'),
(314, 'pl_community_totaltag_service', 'com_totaltag_ro', 3306, 'Sorry', 'EVA2', 158, '2010-02-12 16:31:59', '2010-02-12 16:31:59'),
(315, 'pl_community_comment_service', 'reporting_svc', 3308, 'Active', 'EVA2', 158, '2010-02-12 16:31:59', '2010-02-12 16:31:59'),
(316, 'pl_community_rating_service', 'reporting_svc', 3308, 'Active', 'EVA2', 158, '2010-02-12 16:31:59', '2010-02-12 16:31:59'),
(317, 'pl_community_tag_service', 'reporting_svc', 3308, 'Active', 'EVA2', 158, '2010-02-12 16:31:59', '2010-02-12 16:31:59'),
(318, 'pl_community_userprofile_service', 'reporting_svc', 3308, 'Active', 'EVA2', 158, '2010-02-12 16:31:59', '2010-02-12 16:31:59'),
(319, 'pl_community_userlist_service', 'reporting_svc', 3308, 'Active', 'EVA2', 158, '2010-02-12 16:31:59', '2010-02-12 16:31:59'),
(320, 'pl_community_polling_service', 'reporting_svc', 3308, 'Active', 'EVA2', 158, '2010-02-12 16:31:59', '2010-02-12 16:31:59'),
(321, 'pl_community_totalrating_service', 'reporting_svc', 3308, 'Active', 'EVA2', 158, '2010-02-12 16:31:59', '2010-02-12 16:31:59'),
(322, 'pl_community_totaltag_service', 'reporting_svc', 3308, 'Active', 'EVA2', 158, '2010-02-12 16:31:59', '2010-02-12 16:31:59'),
(323, 'pl_entitlement_service', 'entitlement_svc', 3306, 'Active', 'EVA1', 159, '2010-02-12 16:31:59', '2010-02-12 16:31:59'),
(324, 'cim_entitlement_service', 'cim_ent_svc', 3306, 'Active', 'EVA1', 159, '2010-02-12 16:31:59', '2010-02-12 16:31:59'),
(325, 'comcast_entitlement_service', 'comcast_ent_svc', 3306, 'Active', 'EVA1', 159, '2010-02-12 16:31:59', '2010-02-12 16:31:59'),
(326, 'pl_entitlement_service', 'entitlement_ro', 3306, 'Sorry', 'EVA2', 160, '2010-02-12 16:31:59', '2010-02-12 16:31:59'),
(327, 'cim_entitlement_service', 'cim_ent_ro', 3306, 'Sorry', 'EVA2', 160, '2010-02-12 16:31:59', '2010-02-12 16:31:59'),
(328, 'comcast_entitlement_service', 'comcast_ent_ro', 3306, 'Sorry', 'EVA2', 160, '2010-02-12 16:31:59', '2010-02-12 16:31:59'),
(329, 'pl_promotion_service', 'promo_svc', 3306, 'Active', 'EVA1', 161, '2010-02-12 16:31:59', '2010-02-12 16:31:59'),
(330, 'pl_shopping_cart_service', 'shop_cart_svc', 3306, 'Active', 'EVA1', 161, '2010-02-12 16:31:59', '2010-02-12 16:31:59'),
(331, 'pl_order_service', 'order_svc', 3306, 'Active', 'EVA1', 161, '2010-02-12 16:31:59', '2010-02-12 16:31:59'),
(332, 'pl_payment_service', 'payment_svc', 3306, 'Active', 'EVA1', 161, '2010-02-12 16:31:59', '2010-02-12 16:31:59'),
(333, 'pl_ledger_service', 'ledger_svc', 3306, 'Active', 'EVA1', 161, '2010-02-12 16:31:59', '2010-02-12 16:31:59'),
(334, 'pl_tax_service', 'tax_svc', 3306, 'Active', 'EVA1', 161, '2010-02-12 16:31:59', '2010-02-12 16:31:59'),
(335, 'pl_address_service', 'address_svc', 3306, 'Active', 'EVA1', 161, '2010-02-12 16:31:59', '2010-02-12 16:31:59'),
(336, 'pl_fulfill_service', 'fulfill_svc', 3306, 'Active', 'EVA1', 161, '2010-02-12 16:31:59', '2010-02-12 16:31:59'),
(337, 'pl_promotion_service', 'promo_ro', 3306, 'Sorry', 'EVA2', 162, '2010-02-12 16:31:59', '2010-02-12 16:31:59'),
(338, 'pl_shopping_cart_service', 'shop_cart_svc', 3306, 'Sorry', 'EVA2', 162, '2010-02-12 16:31:59', '2010-02-12 16:31:59'),
(339, 'pl_order_service', 'order_svc', 3306, 'Sorry', 'EVA2', 162, '2010-02-12 16:31:59', '2010-02-12 16:31:59'),
(340, 'pl_payment_service', 'payment_svc', 3306, 'Sorry', 'EVA2', 162, '2010-02-12 16:31:59', '2010-02-12 16:31:59'),
(341, 'pl_ledger_service', 'ledger_svc', 3306, 'Sorry', 'EVA2', 162, '2010-02-12 16:31:59', '2010-02-12 16:31:59'),
(342, 'pl_tax_service', 'tax_svc', 3306, 'Sorry', 'EVA2', 162, '2010-02-12 16:31:59', '2010-02-12 16:31:59'),
(343, 'pl_address_service', 'address_svc', 3306, 'Sorry', 'EVA2', 162, '2010-02-12 16:31:59', '2010-02-12 16:31:59'),
(344, 'pl_fulfill_service', 'fulfill_svc', 3306, 'Sorry', 'EVA2', 162, '2010-02-12 16:31:59', '2010-02-12 16:31:59'),
(345, 'pl_admin_identity_service', 'adm_ident_svc', 3306, 'Active', 'EVA1', 163, '2010-02-12 16:31:59', '2010-02-12 16:31:59'),
(346, 'pl_console_service', 'console_svc', 3306, 'Active', 'EVA1', 163, '2010-02-12 16:31:59', '2010-02-12 16:31:59'),
(347, 'pl_admin_identity_service', 'adm_ident_svc_ro', 3306, 'Sorry', 'EVA2', 164, '2010-02-12 16:31:59', '2010-02-12 16:31:59'),
(348, 'pl_console_service', 'console_ro', 3306, 'Sorry', 'EVA2', 164, '2010-02-12 16:31:59', '2010-02-12 16:31:59'),
(349, 'pl_feed_data_service', 'feed_data_svc', 3306, 'Active', 'EVA1', 165, '2010-02-12 16:31:59', '2010-02-12 16:31:59'),
(350, 'pl_feed_data_service', 'feed_data_svc_ro', 3306, 'Sorry', 'EVA2', 166, '2010-02-12 16:31:59', '2010-02-12 16:31:59'),
(351, 'planned', 'planned', 3306, 'Planned', 'EVA1', 167, '2010-02-12 16:31:59', '2010-02-12 16:31:59'),
(352, 'planned', 'planned', 3306, 'Planned', 'EVA2', 168, '2010-02-12 16:31:59', '2010-02-12 16:31:59');

-- --------------------------------------------------------

--
-- Table structure for table `dbs_to_app_instances`
--

CREATE TABLE IF NOT EXISTS `dbs_to_app_instances` (
  `id` int(11) NOT NULL AUTO_INCREMENT,
  `dbs_id` int(11) NOT NULL,
  `created_at` datetime NOT NULL,
  `updated_at` datetime NOT NULL,
  `app_instances_id` int(11) NOT NULL,
  PRIMARY KEY (`id`),
  UNIQUE KEY `dbs_id` (`dbs_id`,`app_instances_id`),
  KEY `fk_db_2_service_databases1` (`dbs_id`),
  KEY `fk_db_2_service_instances_app_instances1` (`app_instances_id`)
) ENGINE=MyISAM  DEFAULT CHARSET=latin1 AUTO_INCREMENT=148 ;

--
-- Dumping data for table `dbs_to_app_instances`
--

INSERT INTO `dbs_to_app_instances` (`id`, `dbs_id`, `created_at`, `updated_at`, `app_instances_id`) VALUES
(1, 278, '2010-02-12 16:11:35', '2010-02-12 16:11:35', 1),
(2, 278, '2010-02-12 16:21:17', '2010-02-12 16:21:17', 2),
(3, 278, '2010-02-12 16:27:02', '2010-02-12 16:27:02', 3),
(4, 278, '2010-02-12 16:27:02', '2010-02-12 16:27:02', 4),
(5, 279, '2010-02-12 16:27:02', '2010-02-12 16:27:02', 5),
(6, 279, '2010-02-12 16:27:02', '2010-02-12 16:27:02', 6),
(7, 279, '2010-02-12 16:27:02', '2010-02-12 16:27:02', 7),
(8, 279, '2010-02-12 16:27:02', '2010-02-12 16:27:02', 8),
(9, 274, '2010-02-12 16:27:02', '2010-02-12 16:27:02', 9),
(10, 274, '2010-02-12 16:27:02', '2010-02-12 16:27:02', 10),
(11, 274, '2010-02-12 16:27:02', '2010-02-12 16:27:02', 11),
(12, 274, '2010-02-12 16:27:02', '2010-02-12 16:27:02', 12),
(13, 274, '2010-02-12 16:27:02', '2010-02-12 16:27:02', 13),
(14, 274, '2010-02-12 16:27:02', '2010-02-12 16:27:02', 14),
(15, 274, '2010-02-12 16:31:59', '2010-02-12 16:31:59', 15),
(16, 274, '2010-02-12 16:31:59', '2010-02-12 16:31:59', 16),
(17, 274, '2010-02-12 16:31:59', '2010-02-12 16:31:59', 17),
(18, 274, '2010-02-12 16:31:59', '2010-02-12 16:31:59', 18),
(19, 274, '2010-02-12 16:31:59', '2010-02-12 16:31:59', 19),
(22, 274, '2010-02-12 16:31:59', '2010-04-21 14:46:09', 22),
(23, 292, '2010-02-12 16:31:59', '2010-02-12 16:31:59', 23),
(24, 292, '2010-02-12 16:31:59', '2010-02-12 16:31:59', 24),
(25, 292, '2010-02-12 16:31:59', '2010-02-12 16:31:59', 25),
(26, 292, '2010-02-12 16:31:59', '2010-02-12 16:31:59', 26),
(27, 292, '2010-02-12 16:31:59', '2010-02-12 16:31:59', 27),
(28, 293, '2010-02-12 16:31:59', '2010-02-12 16:31:59', 28),
(29, 293, '2010-02-12 16:31:59', '2010-02-12 16:31:59', 29),
(30, 293, '2010-02-12 16:31:59', '2010-02-12 16:31:59', 30),
(31, 293, '2010-02-12 16:31:59', '2010-02-12 16:31:59', 31),
(32, 296, '2010-02-12 16:31:59', '2010-02-12 16:31:59', 32),
(33, 296, '2010-02-12 16:31:59', '2010-02-12 16:31:59', 33),
(34, 296, '2010-02-12 16:31:59', '2010-02-12 16:31:59', 34),
(35, 296, '2010-02-12 16:31:59', '2010-02-12 16:31:59', 35),
(36, 291, '2010-02-12 16:31:59', '2010-02-12 16:31:59', 36),
(37, 291, '2010-02-12 16:31:59', '2010-02-12 16:31:59', 37),
(38, 291, '2010-02-12 16:31:59', '2010-02-12 16:31:59', 38),
(39, 291, '2010-02-12 16:31:59', '2010-02-12 16:31:59', 39),
(40, 294, '2010-02-12 16:31:59', '2010-02-12 16:31:59', 40),
(41, 294, '2010-02-12 16:31:59', '2010-02-12 16:31:59', 41),
(42, 294, '2010-02-12 16:31:59', '2010-02-12 16:31:59', 42),
(43, 294, '2010-02-12 16:31:59', '2010-02-12 16:31:59', 43),
(44, 295, '2010-02-12 16:31:59', '2010-02-12 16:31:59', 44),
(45, 295, '2010-02-12 16:31:59', '2010-02-12 16:31:59', 45),
(46, 295, '2010-02-12 16:31:59', '2010-02-12 16:31:59', 46),
(47, 295, '2010-02-12 16:31:59', '2010-02-12 16:31:59', 47),
(48, 345, '2010-02-12 16:31:59', '2010-02-12 16:31:59', 48),
(49, 345, '2010-02-12 16:31:59', '2010-02-12 16:31:59', 49),
(50, 345, '2010-02-12 16:31:59', '2010-02-12 16:31:59', 50),
(51, 345, '2010-02-12 16:31:59', '2010-02-12 16:31:59', 51),
(52, 345, '2010-02-12 16:31:59', '2010-02-12 16:31:59', 52),
(53, 271, '2010-02-12 16:31:59', '2010-02-12 16:31:59', 53),
(54, 271, '2010-02-12 16:31:59', '2010-02-12 16:31:59', 54),
(55, 271, '2010-02-12 16:31:59', '2010-02-12 16:31:59', 55),
(56, 271, '2010-02-12 16:31:59', '2010-02-12 16:31:59', 56),
(57, 271, '2010-02-12 16:31:59', '2010-02-12 16:31:59', 57),
(58, 266, '2010-02-12 16:31:59', '2010-02-12 16:31:59', 58),
(59, 266, '2010-02-12 16:31:59', '2010-02-12 16:31:59', 59),
(60, 266, '2010-02-12 16:31:59', '2010-02-12 16:31:59', 60),
(61, 266, '2010-02-12 16:31:59', '2010-02-12 16:31:59', 61),
(62, 266, '2010-02-12 16:31:59', '2010-02-12 16:31:59', 62),
(63, 265, '2010-02-12 16:31:59', '2010-02-12 16:31:59', 63),
(64, 265, '2010-02-12 16:31:59', '2010-02-12 16:31:59', 64),
(65, 265, '2010-02-12 16:31:59', '2010-02-12 16:31:59', 65),
(66, 265, '2010-02-12 16:31:59', '2010-02-12 16:31:59', 66),
(67, 265, '2010-02-12 16:31:59', '2010-02-12 16:31:59', 67),
(68, 273, '2010-02-12 16:31:59', '2010-02-12 16:31:59', 68),
(69, 273, '2010-02-12 16:31:59', '2010-02-12 16:31:59', 69),
(70, 273, '2010-02-12 16:31:59', '2010-02-12 16:31:59', 70),
(71, 273, '2010-02-12 16:31:59', '2010-02-12 16:31:59', 71),
(72, 273, '2010-02-12 16:31:59', '2010-02-12 16:31:59', 72),
(73, 273, '2010-02-12 16:31:59', '2010-02-12 16:31:59', 73),
(74, 346, '2010-02-12 16:31:59', '2010-02-12 16:31:59', 74),
(75, 346, '2010-02-12 16:31:59', '2010-02-12 16:31:59', 75),
(76, 346, '2010-02-12 16:31:59', '2010-02-12 16:31:59', 76),
(77, 346, '2010-02-12 16:31:59', '2010-02-12 16:31:59', 77),
(78, 346, '2010-02-12 16:31:59', '2010-02-12 16:31:59', 78),
(79, 346, '2010-02-12 16:31:59', '2010-02-12 16:31:59', 79),
(80, 346, '2010-02-12 16:31:59', '2010-02-12 16:31:59', 80),
(81, 346, '2010-02-12 16:31:59', '2010-02-12 16:31:59', 81),
(82, 346, '2010-02-12 16:31:59', '2010-02-12 16:31:59', 82),
(83, 323, '2010-02-12 16:31:59', '2010-02-12 16:31:59', 83),
(84, 323, '2010-02-12 16:31:59', '2010-02-12 16:31:59', 84),
(85, 323, '2010-02-12 16:31:59', '2010-02-12 16:31:59', 85),
(86, 323, '2010-02-12 16:31:59', '2010-02-12 16:31:59', 86),
(87, 323, '2010-02-12 16:31:59', '2010-02-12 16:31:59', 87),
(88, 323, '2010-02-12 16:31:59', '2010-02-12 16:31:59', 88),
(89, 323, '2010-02-12 16:31:59', '2010-02-12 16:31:59', 89),
(90, 323, '2010-02-12 16:31:59', '2010-02-12 16:31:59', 90),
(91, 324, '2010-02-12 16:31:59', '2010-02-12 16:31:59', 91),
(92, 324, '2010-02-12 16:31:59', '2010-02-12 16:31:59', 92),
(93, 324, '2010-02-12 16:31:59', '2010-02-12 16:31:59', 93),
(94, 324, '2010-02-12 16:31:59', '2010-02-12 16:31:59', 94),
(95, 277, '2010-02-12 16:31:59', '2010-02-12 16:31:59', 95),
(96, 277, '2010-02-12 16:31:59', '2010-02-12 16:31:59', 96),
(97, 277, '2010-02-12 16:31:59', '2010-02-12 16:31:59', 97),
(98, 291, '2010-02-12 16:31:59', '2010-02-12 16:31:59', 98),
(99, 291, '2010-02-12 16:31:59', '2010-02-12 16:31:59', 99),
(100, 292, '2010-02-12 16:31:59', '2010-02-12 16:31:59', 98),
(101, 292, '2010-02-12 16:31:59', '2010-02-12 16:31:59', 99),
(102, 293, '2010-02-12 16:31:59', '2010-02-12 16:31:59', 98),
(103, 293, '2010-02-12 16:31:59', '2010-02-12 16:31:59', 99),
(104, 295, '2010-02-12 16:31:59', '2010-02-12 16:31:59', 98),
(105, 295, '2010-02-12 16:31:59', '2010-02-12 16:31:59', 99),
(106, 335, '2010-02-12 16:31:59', '2010-02-12 16:31:59', 100),
(107, 335, '2010-02-12 16:31:59', '2010-02-12 16:31:59', 101),
(108, 335, '2010-02-12 16:31:59', '2010-02-12 16:31:59', 102),
(109, 330, '2010-02-12 16:31:59', '2010-02-12 16:31:59', 100),
(110, 330, '2010-02-12 16:31:59', '2010-02-12 16:31:59', 101),
(111, 330, '2010-02-12 16:31:59', '2010-02-12 16:31:59', 102),
(112, 336, '2010-02-12 16:31:59', '2010-02-12 16:31:59', 100),
(113, 336, '2010-02-12 16:31:59', '2010-02-12 16:31:59', 101),
(114, 336, '2010-02-12 16:31:59', '2010-02-12 16:31:59', 102),
(115, 333, '2010-02-12 16:31:59', '2010-02-12 16:31:59', 100),
(116, 333, '2010-02-12 16:31:59', '2010-02-12 16:31:59', 101),
(117, 333, '2010-02-12 16:31:59', '2010-02-12 16:31:59', 102),
(118, 331, '2010-02-12 16:31:59', '2010-02-12 16:31:59', 100),
(119, 331, '2010-02-12 16:31:59', '2010-02-12 16:31:59', 101),
(120, 331, '2010-02-12 16:31:59', '2010-02-12 16:31:59', 102),
(121, 332, '2010-02-12 16:31:59', '2010-02-12 16:31:59', 100),
(122, 332, '2010-02-12 16:31:59', '2010-02-12 16:31:59', 101),
(123, 332, '2010-02-12 16:31:59', '2010-02-12 16:31:59', 102),
(124, 329, '2010-02-12 16:31:59', '2010-02-12 16:31:59', 100),
(125, 329, '2010-02-12 16:31:59', '2010-02-12 16:31:59', 101),
(126, 329, '2010-02-12 16:31:59', '2010-02-12 16:31:59', 102),
(127, 334, '2010-02-12 16:31:59', '2010-02-12 16:31:59', 100),
(128, 334, '2010-02-12 16:31:59', '2010-02-12 16:31:59', 101),
(129, 334, '2010-02-12 16:31:59', '2010-02-12 16:31:59', 102),
(130, 334, '2010-02-12 16:31:59', '2010-02-12 16:31:59', 103),
(131, 334, '2010-02-12 16:31:59', '2010-02-12 16:31:59', 104),
(132, 334, '2010-02-12 16:31:59', '2010-02-12 16:31:59', 105),
(133, 276, '2010-02-12 16:31:59', '2010-02-12 16:31:59', 106),
(134, 276, '2010-02-12 16:31:59', '2010-02-12 16:31:59', 107),
(135, 276, '2010-02-12 16:31:59', '2010-02-12 16:31:59', 108),
(136, 275, '2010-02-12 16:31:59', '2010-02-12 16:31:59', 109),
(137, 275, '2010-02-12 16:31:59', '2010-02-12 16:31:59', 110),
(138, 275, '2010-02-12 16:31:59', '2010-02-12 16:31:59', 111),
(139, 275, '2010-02-12 16:31:59', '2010-02-12 16:31:59', 112),
(140, 275, '2010-02-12 16:31:59', '2010-02-12 16:31:59', 113),
(141, 275, '2010-02-12 16:31:59', '2010-02-12 16:31:59', 114),
(142, 275, '2010-02-12 16:31:59', '2010-02-12 16:31:59', 115);

-- --------------------------------------------------------

--
-- Table structure for table `dependency`
--

CREATE TABLE IF NOT EXISTS `dependency` (
  `id` int(11) NOT NULL AUTO_INCREMENT,
  `apps_id` int(11) NOT NULL,
  `dependent_app_id` int(11) NOT NULL,
  PRIMARY KEY (`id`),
  KEY `fk_dependency_apps1` (`apps_id`)
) ENGINE=InnoDB  DEFAULT CHARSET=latin1 AUTO_INCREMENT=317 ;

--
-- Dumping data for table `dependency`
--

INSERT INTO `dependency` (`id`, `apps_id`, `dependent_app_id`) VALUES
(1, 27, 69),
(2, 28, 69),
(12, 30, 69),
(13, 31, 69),
(14, 27, 26),
(15, 28, 26),
(16, 30, 29),
(17, 31, 29),
(18, 27, 78),
(19, 28, 78),
(20, 30, 78),
(21, 31, 78),
(22, 26, 78),
(23, 29, 78),
(24, 26, 78),
(25, 29, 78),
(27, 80, 28),
(28, 79, 70),
(29, 79, 80),
(31, 23, 27),
(32, 23, 26),
(33, 22, 27),
(36, 22, 30),
(37, 21, 27),
(38, 21, 30),
(39, 20, 27),
(40, 20, 30),
(41, 19, 27),
(42, 19, 30),
(43, 18, 27),
(44, 18, 30),
(45, 13, 27),
(46, 13, 30),
(47, 14, 27),
(48, 14, 30),
(49, 15, 27),
(50, 15, 30),
(51, 16, 27),
(52, 16, 26),
(53, 17, 27),
(54, 17, 30),
(55, 25, 27),
(56, 25, 30),
(57, 24, 27),
(58, 24, 30),
(59, 44, 27),
(60, 44, 26),
(61, 44, 82),
(62, 22, 82),
(63, 23, 82),
(64, 21, 82),
(65, 20, 82),
(66, 19, 82),
(67, 18, 82),
(68, 13, 82),
(69, 14, 82),
(70, 15, 82),
(71, 16, 82),
(72, 17, 82),
(73, 25, 82),
(74, 24, 82),
(75, 7, 78),
(76, 6, 78),
(77, 6, 7),
(78, 6, 9),
(79, 6, 8),
(80, 6, 10),
(81, 7, 6),
(82, 11, 66),
(83, 5, 78),
(84, 5, 4),
(85, 5, 26),
(86, 4, 28),
(87, 3, 1),
(88, 33, 66),
(90, 3, 78),
(91, 3, 26),
(92, 3, 66),
(93, 7, 66),
(94, 1, 78),
(95, 1, 28),
(96, 33, 27),
(97, 33, 69),
(98, 33, 32),
(99, 35, 34),
(100, 34, 27),
(101, 34, 26),
(102, 34, 78),
(103, 35, 78),
(104, 35, 27),
(105, 35, 30),
(106, 35, 26),
(107, 35, 69),
(108, 35, 29),
(109, 35, 14),
(110, 35, 13),
(111, 35, 16),
(112, 35, 17),
(113, 35, 22),
(114, 35, 23),
(115, 36, 66),
(116, 36, 26),
(117, 36, 31),
(118, 36, 37),
(119, 38, 31),
(120, 36, 83),
(121, 40, 28),
(123, 37, 28),
(124, 37, 26),
(125, 38, 26),
(126, 38, 69),
(127, 38, 31),
(128, 38, 83),
(129, 38, 31),
(130, 39, 31),
(131, 39, 40),
(132, 41, 31),
(133, 41, 28),
(134, 40, 31),
(135, 84, 31),
(136, 84, 40),
(137, 84, 26),
(138, 39, 26),
(139, 42, 27),
(140, 43, 82),
(141, 43, 26),
(142, 43, 27),
(143, 45, 82),
(144, 45, 26),
(145, 45, 27),
(146, 46, 82),
(147, 46, 26),
(148, 46, 27),
(149, 47, 27),
(150, 47, 26),
(151, 49, 69),
(152, 49, 27),
(153, 49, 26),
(154, 50, 27),
(155, 50, 26),
(156, 50, 66),
(157, 51, 27),
(158, 51, 26),
(159, 52, 27),
(160, 52, 26),
(161, 49, 52),
(162, 49, 47),
(163, 49, 24),
(165, 49, 53),
(166, 50, 47),
(167, 50, 52),
(168, 50, 53),
(169, 50, 24),
(170, 50, 39),
(171, 50, 86),
(172, 50, 69),
(173, 53, 27),
(174, 53, 26),
(175, 53, 24),
(176, 53, 51),
(177, 53, 47),
(178, 54, 28),
(179, 54, 26),
(180, 48, 27),
(181, 48, 26),
(182, 55, 27),
(183, 55, 26),
(184, 55, 47),
(185, 56, 27),
(186, 56, 26),
(187, 56, 53),
(188, 56, 55),
(189, 56, 52),
(190, 56, 24),
(191, 56, 51),
(192, 56, 47),
(193, 56, 50),
(194, 56, 54),
(195, 56, 49),
(196, 57, 27),
(197, 57, 26),
(198, 57, 56),
(199, 57, 69),
(200, 59, 28),
(201, 60, 28),
(202, 60, 26),
(203, 60, 58),
(204, 58, 28),
(205, 58, 26),
(206, 58, 78),
(207, 60, 78),
(208, 79, 78),
(209, 87, 69),
(210, 90, 28),
(211, 90, 26),
(212, 89, 28),
(213, 89, 26),
(214, 91, 28),
(215, 91, 26),
(216, 92, 28),
(217, 92, 26),
(218, 93, 94),
(219, 93, 96),
(220, 93, 66),
(221, 93, 97),
(222, 95, 96),
(223, 95, 94),
(224, 94, 66),
(225, 94, 96),
(226, 108, 66),
(227, 108, 28),
(228, 108, 26),
(229, 108, 92),
(230, 109, 28),
(231, 109, 26),
(232, 98, 77),
(233, 98, 70),
(234, 98, 26),
(235, 98, 66),
(236, 99, 77),
(237, 99, 70),
(238, 99, 26),
(239, 99, 66),
(240, 100, 77),
(241, 100, 70),
(242, 100, 26),
(243, 100, 66),
(244, 101, 77),
(245, 101, 70),
(246, 101, 26),
(247, 101, 66),
(248, 102, 77),
(249, 102, 70),
(250, 102, 26),
(251, 102, 66),
(252, 103, 77),
(253, 103, 70),
(254, 103, 26),
(255, 103, 66),
(256, 97, 77),
(257, 97, 70),
(258, 97, 26),
(259, 97, 66),
(260, 104, 77),
(261, 104, 70),
(262, 104, 26),
(263, 104, 66),
(264, 105, 77),
(265, 105, 70),
(266, 105, 26),
(267, 105, 66),
(268, 106, 70),
(269, 106, 77),
(270, 106, 26),
(271, 106, 66),
(272, 107, 70),
(273, 107, 77),
(274, 107, 26),
(275, 107, 66),
(277, 111, 114),
(278, 110, 114),
(279, 115, 114),
(280, 113, 114),
(281, 112, 114),
(282, 116, 114),
(283, 113, 66),
(284, 112, 66),
(285, 116, 66),
(287, 119, 75),
(288, 120, 75),
(289, 122, 75),
(290, 118, 75),
(293, 128, 75),
(295, 130, 75),
(296, 81, 75),
(298, 131, 75),
(299, 127, 75),
(301, 119, 66),
(302, 120, 66),
(303, 122, 66),
(304, 118, 66),
(307, 128, 66),
(309, 130, 66),
(310, 81, 66),
(311, 131, 66),
(312, 127, 66),
(313, 130, 132),
(314, 81, 133),
(315, 118, 83),
(316, 128, 83);

-- --------------------------------------------------------

--
-- Table structure for table `environments`
--

CREATE TABLE IF NOT EXISTS `environments` (
  `id` int(11) NOT NULL AUTO_INCREMENT,
  `name` varchar(45) DEFAULT NULL,
  `created_at` datetime NOT NULL,
  `updated_at` datetime NOT NULL,
  `name_short` varchar(45) DEFAULT NULL,
  PRIMARY KEY (`id`)
) ENGINE=InnoDB  DEFAULT CHARSET=latin1 AUTO_INCREMENT=6 ;

--
-- Dumping data for table `environments`
--

INSERT INTO `environments` (`id`, `name`, `created_at`, `updated_at`, `name_short`) VALUES
(1, 'Fortress (SEA1)', '2010-02-12 16:05:20', '2010-02-12 16:05:20', 'SEA1'),
(2, 'Office Stage', '0000-00-00 00:00:00', '0000-00-00 00:00:00', 'STG'),
(3, 'Office Test', '0000-00-00 00:00:00', '0000-00-00 00:00:00', 'TEST'),
(4, 'Office DR (BFI1)', '0000-00-00 00:00:00', '0000-00-00 00:00:00', 'BFI1'),
(5, 'CIM East (PHL1)', '0000-00-00 00:00:00', '0000-00-00 00:00:00', 'PHL1');

-- --------------------------------------------------------

--
-- Table structure for table `env_2_db`
--

CREATE TABLE IF NOT EXISTS `env_2_db` (
  `id` int(11) NOT NULL AUTO_INCREMENT,
  `databases_id` int(11) NOT NULL,
  `environments_id` int(11) NOT NULL,
  `created_at` varchar(45) NOT NULL,
  `updated_at` varchar(45) NOT NULL,
  PRIMARY KEY (`id`),
  KEY `fk_env_2_db_databases1` (`databases_id`),
  KEY `fk_env_2_db_environments1` (`environments_id`)
) ENGINE=InnoDB  DEFAULT CHARSET=latin1 AUTO_INCREMENT=29 ;

--
-- Dumping data for table `env_2_db`
--

INSERT INTO `env_2_db` (`id`, `databases_id`, `environments_id`, `created_at`, `updated_at`) VALUES
(1, 278, 1, '2010-02-12 16:09:26', '2010-02-12 16:09:26'),
(2, 279, 1, '2010-02-12 16:27:02', '2010-02-12 16:27:02'),
(3, 274, 1, '2010-02-12 16:27:02', '2010-02-12 16:27:02'),
(4, 292, 1, '2010-02-12 16:31:59', '2010-02-12 16:31:59'),
(5, 293, 1, '2010-02-12 16:31:59', '2010-02-12 16:31:59'),
(6, 296, 1, '2010-02-12 16:31:59', '2010-02-12 16:31:59'),
(7, 291, 1, '2010-02-12 16:31:59', '2010-02-12 16:31:59'),
(8, 294, 1, '2010-02-12 16:31:59', '2010-02-12 16:31:59'),
(9, 295, 1, '2010-02-12 16:31:59', '2010-02-12 16:31:59'),
(10, 345, 1, '2010-02-12 16:31:59', '2010-02-12 16:31:59'),
(11, 271, 1, '2010-02-12 16:31:59', '2010-02-12 16:31:59'),
(12, 266, 1, '2010-02-12 16:31:59', '2010-02-12 16:31:59'),
(13, 265, 1, '2010-02-12 16:31:59', '2010-02-12 16:31:59'),
(14, 273, 1, '2010-02-12 16:31:59', '2010-02-12 16:31:59'),
(15, 346, 1, '2010-02-12 16:31:59', '2010-02-12 16:31:59'),
(16, 323, 1, '2010-02-12 16:31:59', '2010-02-12 16:31:59'),
(17, 324, 1, '2010-02-12 16:31:59', '2010-02-12 16:31:59'),
(18, 277, 1, '2010-02-12 16:31:59', '2010-02-12 16:31:59'),
(19, 335, 1, '2010-02-12 16:31:59', '2010-02-12 16:31:59'),
(20, 330, 1, '2010-02-12 16:31:59', '2010-02-12 16:31:59'),
(21, 336, 1, '2010-02-12 16:31:59', '2010-02-12 16:31:59'),
(22, 333, 1, '2010-02-12 16:31:59', '2010-02-12 16:31:59'),
(23, 331, 1, '2010-02-12 16:31:59', '2010-02-12 16:31:59'),
(24, 332, 1, '2010-02-12 16:31:59', '2010-02-12 16:31:59'),
(25, 329, 1, '2010-02-12 16:31:59', '2010-02-12 16:31:59'),
(26, 334, 1, '2010-02-12 16:31:59', '2010-02-12 16:31:59'),
(27, 276, 1, '2010-02-12 16:31:59', '2010-02-12 16:31:59'),
(28, 275, 1, '2010-02-12 16:31:59', '2010-02-12 16:31:59');

-- --------------------------------------------------------

--
-- Table structure for table `env_2_server`
--

CREATE TABLE IF NOT EXISTS `env_2_server` (
  `id` int(11) NOT NULL AUTO_INCREMENT,
  `environments_id` int(11) NOT NULL,
  `servers_id` int(11) NOT NULL,
  `created_at` datetime NOT NULL,
  `updated_at` datetime NOT NULL,
  PRIMARY KEY (`id`),
  KEY `fk_env_2_server_environments1` (`environments_id`),
  KEY `fk_env_2_server_servers1` (`servers_id`)
) ENGINE=InnoDB  DEFAULT CHARSET=latin1 AUTO_INCREMENT=91 ;

--
-- Dumping data for table `env_2_server`
--

INSERT INTO `env_2_server` (`id`, `environments_id`, `servers_id`, `created_at`, `updated_at`) VALUES
(2, 1, 1, '2010-02-12 16:08:53', '2010-02-12 16:08:53'),
(3, 1, 3, '2010-02-12 16:21:17', '2010-02-12 16:21:17'),
(4, 1, 4, '2010-02-12 16:27:02', '2010-02-12 16:27:02'),
(5, 1, 5, '2010-02-12 16:27:02', '2010-02-12 16:27:02'),
(6, 1, 6, '2010-02-12 16:27:02', '2010-02-12 16:27:02'),
(7, 1, 7, '2010-02-12 16:27:02', '2010-02-12 16:27:02'),
(8, 1, 14, '2010-02-12 16:27:02', '2010-02-12 16:27:02'),
(9, 1, 15, '2010-02-12 16:31:59', '2010-02-12 16:31:59'),
(10, 1, 16, '2010-02-12 16:31:59', '2010-02-12 16:31:59'),
(11, 1, 17, '2010-02-12 16:31:59', '2010-02-12 16:31:59'),
(12, 1, 18, '2010-02-12 16:31:59', '2010-02-12 16:31:59'),
(13, 1, 19, '2010-02-12 16:31:59', '2010-02-12 16:31:59'),
(14, 1, 20, '2010-02-12 16:31:59', '2010-02-12 16:31:59'),
(15, 1, 21, '2010-02-12 16:31:59', '2010-02-12 16:31:59'),
(16, 1, 22, '2010-02-12 16:31:59', '2010-02-12 16:31:59'),
(17, 1, 23, '2010-02-12 16:31:59', '2010-02-12 16:31:59'),
(18, 1, 24, '2010-02-12 16:31:59', '2010-02-12 16:31:59'),
(19, 1, 25, '2010-02-12 16:31:59', '2010-02-12 16:31:59'),
(20, 1, 170, '2010-02-12 16:31:59', '2010-02-12 16:31:59'),
(21, 1, 171, '2010-02-12 16:31:59', '2010-02-12 16:31:59'),
(22, 1, 172, '2010-02-12 16:31:59', '2010-02-12 16:31:59'),
(23, 1, 173, '2010-02-12 16:31:59', '2010-02-12 16:31:59'),
(24, 1, 174, '2010-02-12 16:31:59', '2010-02-12 16:31:59'),
(25, 1, 26, '2010-02-12 16:31:59', '2010-02-12 16:31:59'),
(26, 1, 27, '2010-02-12 16:31:59', '2010-02-12 16:31:59'),
(27, 1, 28, '2010-02-12 16:31:59', '2010-02-12 16:31:59'),
(28, 1, 29, '2010-02-12 16:31:59', '2010-02-12 16:31:59'),
(29, 1, 30, '2010-02-12 16:31:59', '2010-02-12 16:31:59'),
(30, 1, 31, '2010-02-12 16:31:59', '2010-02-12 16:31:59'),
(31, 1, 32, '2010-02-12 16:31:59', '2010-02-12 16:31:59'),
(32, 1, 33, '2010-02-12 16:31:59', '2010-02-12 16:31:59'),
(33, 1, 34, '2010-02-12 16:31:59', '2010-02-12 16:31:59'),
(34, 1, 35, '2010-02-12 16:31:59', '2010-02-12 16:31:59'),
(35, 1, 36, '2010-02-12 16:31:59', '2010-02-12 16:31:59'),
(36, 1, 37, '2010-02-12 16:31:59', '2010-02-12 16:31:59'),
(37, 1, 38, '2010-02-12 16:31:59', '2010-02-12 16:31:59'),
(38, 1, 39, '2010-02-12 16:31:59', '2010-02-12 16:31:59'),
(39, 1, 40, '2010-02-12 16:31:59', '2010-02-12 16:31:59'),
(40, 1, 41, '2010-02-12 16:31:59', '2010-02-12 16:31:59'),
(41, 1, 42, '2010-02-12 16:31:59', '2010-02-12 16:31:59'),
(42, 1, 43, '2010-02-12 16:31:59', '2010-02-12 16:31:59'),
(43, 1, 44, '2010-02-12 16:31:59', '2010-02-12 16:31:59'),
(44, 1, 45, '2010-02-12 16:31:59', '2010-02-12 16:31:59'),
(45, 1, 46, '2010-02-12 16:31:59', '2010-02-12 16:31:59'),
(46, 1, 47, '2010-02-12 16:31:59', '2010-02-12 16:31:59'),
(47, 1, 48, '2010-02-12 16:31:59', '2010-02-12 16:31:59'),
(48, 1, 49, '2010-02-12 16:31:59', '2010-02-12 16:31:59'),
(49, 1, 50, '2010-02-12 16:31:59', '2010-02-12 16:31:59'),
(50, 1, 51, '2010-02-12 16:31:59', '2010-02-12 16:31:59'),
(51, 1, 175, '0000-00-00 00:00:00', '0000-00-00 00:00:00'),
(52, 1, 176, '0000-00-00 00:00:00', '0000-00-00 00:00:00'),
(53, 1, 177, '0000-00-00 00:00:00', '0000-00-00 00:00:00'),
(54, 1, 178, '0000-00-00 00:00:00', '0000-00-00 00:00:00'),
(55, 1, 179, '0000-00-00 00:00:00', '0000-00-00 00:00:00'),
(57, 1, 180, '0000-00-00 00:00:00', '0000-00-00 00:00:00'),
(58, 1, 181, '0000-00-00 00:00:00', '0000-00-00 00:00:00'),
(59, 1, 182, '0000-00-00 00:00:00', '0000-00-00 00:00:00'),
(60, 1, 183, '0000-00-00 00:00:00', '0000-00-00 00:00:00'),
(62, 1, 184, '0000-00-00 00:00:00', '0000-00-00 00:00:00'),
(64, 1, 185, '0000-00-00 00:00:00', '0000-00-00 00:00:00'),
(65, 1, 186, '0000-00-00 00:00:00', '0000-00-00 00:00:00'),
(66, 1, 187, '0000-00-00 00:00:00', '0000-00-00 00:00:00'),
(67, 1, 188, '0000-00-00 00:00:00', '0000-00-00 00:00:00'),
(68, 1, 189, '0000-00-00 00:00:00', '0000-00-00 00:00:00'),
(69, 1, 190, '0000-00-00 00:00:00', '0000-00-00 00:00:00'),
(70, 1, 191, '0000-00-00 00:00:00', '0000-00-00 00:00:00'),
(71, 1, 192, '0000-00-00 00:00:00', '0000-00-00 00:00:00'),
(72, 1, 193, '0000-00-00 00:00:00', '0000-00-00 00:00:00'),
(73, 1, 194, '0000-00-00 00:00:00', '0000-00-00 00:00:00'),
(74, 1, 195, '0000-00-00 00:00:00', '0000-00-00 00:00:00'),
(75, 1, 196, '0000-00-00 00:00:00', '0000-00-00 00:00:00'),
(76, 1, 197, '0000-00-00 00:00:00', '0000-00-00 00:00:00'),
(77, 1, 198, '0000-00-00 00:00:00', '0000-00-00 00:00:00'),
(78, 1, 199, '0000-00-00 00:00:00', '0000-00-00 00:00:00'),
(79, 1, 200, '0000-00-00 00:00:00', '0000-00-00 00:00:00'),
(80, 1, 201, '0000-00-00 00:00:00', '0000-00-00 00:00:00'),
(81, 1, 202, '0000-00-00 00:00:00', '0000-00-00 00:00:00'),
(82, 1, 203, '0000-00-00 00:00:00', '0000-00-00 00:00:00'),
(83, 1, 204, '0000-00-00 00:00:00', '0000-00-00 00:00:00'),
(84, 1, 205, '0000-00-00 00:00:00', '0000-00-00 00:00:00'),
(85, 1, 206, '0000-00-00 00:00:00', '0000-00-00 00:00:00'),
(86, 1, 207, '0000-00-00 00:00:00', '0000-00-00 00:00:00'),
(87, 1, 208, '0000-00-00 00:00:00', '0000-00-00 00:00:00'),
(88, 1, 209, '0000-00-00 00:00:00', '0000-00-00 00:00:00'),
(89, 1, 210, '0000-00-00 00:00:00', '0000-00-00 00:00:00'),
(90, 1, 211, '0000-00-00 00:00:00', '0000-00-00 00:00:00');

-- --------------------------------------------------------

--
-- Table structure for table `groups`
--

CREATE TABLE IF NOT EXISTS `groups` (
  `id` int(11) NOT NULL AUTO_INCREMENT,
  `name` varchar(45) DEFAULT NULL,
  `created_at` datetime NOT NULL,
  `updated_at` datetime NOT NULL,
  PRIMARY KEY (`id`)
) ENGINE=InnoDB  DEFAULT CHARSET=latin1 AUTO_INCREMENT=36 ;

--
-- Dumping data for table `groups`
--

INSERT INTO `groups` (`id`, `name`, `created_at`, `updated_at`) VALUES
(3, 'Ingest', '2010-02-12 16:31:59', '2010-02-12 16:31:59'),
(4, 'Auto Publish', '2010-02-12 16:31:59', '2010-02-12 16:31:59'),
(5, 'Community', '2010-02-12 16:31:59', '2010-02-12 16:31:59'),
(6, 'Authorization', '2010-02-12 16:31:59', '2010-02-12 16:31:59'),
(7, 'Console 1.3 (Community Console)', '2010-02-12 16:31:59', '2010-02-12 16:31:59'),
(8, 'Console 2.0 (MPX)', '2010-02-12 16:31:59', '2010-02-12 16:31:59'),
(9, 'Rights Services', '2010-02-12 16:31:59', '2010-02-12 16:31:59'),
(10, 'Task Service', '2010-02-12 16:31:59', '2010-02-12 16:31:59'),
(11, 'Community Reporting', '2010-02-12 16:31:59', '2010-02-12 16:31:59'),
(12, 'Commerce', '2010-02-12 16:31:59', '2010-02-12 16:31:59'),
(13, 'Publish 2.0', '2010-02-12 16:31:59', '2010-02-12 16:31:59'),
(14, 'Feeds 3.0', '2010-02-12 16:31:59', '2010-02-12 16:31:59'),
(16, 'Registry', '2010-02-12 16:31:59', '2010-02-12 16:31:59'),
(19, 'Sharing', '2010-02-12 16:31:59', '2010-02-12 16:31:59'),
(20, 'Media', '2010-02-12 16:31:59', '2010-02-12 16:31:59'),
(21, 'Player', '2010-02-12 16:31:59', '2010-02-12 16:31:59'),
(22, 'Selector', '2010-02-12 16:31:59', '2010-02-12 16:31:59'),
(23, 'Restrictions', '2010-02-12 16:31:59', '2010-02-12 16:31:59'),
(24, 'Feeds 2.0', '2010-02-12 16:31:59', '2010-02-12 16:31:59'),
(25, 'Connectors', '2010-02-12 16:31:59', '2010-02-12 16:31:59'),
(27, 'Support Tools', '2010-02-12 16:31:59', '2010-02-12 16:31:59'),
(28, 'Util', '2010-02-12 16:31:59', '2010-02-12 16:31:59'),
(31, 'Proservices Applications', '2010-02-12 16:31:59', '2010-02-12 16:31:59'),
(32, 'RMP 1.0', '2010-02-12 16:31:59', '2010-02-12 16:31:59'),
(33, 'RMP 2.0', '2010-02-12 16:31:59', '2010-02-12 16:31:59'),
(34, '3rd Party Applications', '2010-02-12 16:31:59', '2010-02-12 16:31:59'),
(35, 'WatchFolder', '2010-02-12 16:31:59', '2010-02-12 16:31:59');

-- --------------------------------------------------------

--
-- Table structure for table `mbean_paths`
--

CREATE TABLE IF NOT EXISTS `mbean_paths` (
  `id` int(11) NOT NULL AUTO_INCREMENT,
  `name` varchar(45) DEFAULT NULL,
  `path` varchar(45) DEFAULT NULL,
  `created_at` datetime NOT NULL,
  `updated_at` datetime NOT NULL,
  PRIMARY KEY (`id`)
) ENGINE=InnoDB DEFAULT CHARSET=latin1 AUTO_INCREMENT=1 ;

--
-- Dumping data for table `mbean_paths`
--


-- --------------------------------------------------------

--
-- Table structure for table `processes`
--

CREATE TABLE IF NOT EXISTS `processes` (
  `id` int(11) NOT NULL AUTO_INCREMENT,
  `name` varchar(255) NOT NULL,
  `name_friendly` varchar(45) DEFAULT NULL,
  `groups_id` int(11) NOT NULL,
  `created_at` datetime NOT NULL,
  `updated_at` datetime NOT NULL,
  PRIMARY KEY (`id`)
) ENGINE=MyISAM  DEFAULT CHARSET=latin1 AUTO_INCREMENT=64 ;

--
-- Dumping data for table `processes`
--

INSERT INTO `processes` (`id`, `name`, `name_friendly`, `groups_id`, `created_at`, `updated_at`) VALUES
(1, 'jetty-watch', 'Watch Folder Data Service', 35, '2010-02-12 16:31:59', '2010-02-12 16:31:59'),
(4, '/agent-watch/target/pl-ingest-service-watchfolder-app.jar', 'Watch Folder Agent', 35, '2010-02-12 16:31:59', '2010-02-12 16:31:59'),
(5, 'jetty-feedrdr', 'Feed Reader Data Service', 3, '2010-02-12 16:31:59', '2010-02-12 16:31:59'),
(6, '/feedrdr-agent/target/pl-ingest-service-feedreader-app.jar', 'Feed Reader Agent', 3, '2010-02-12 16:31:59', '2010-02-12 16:31:59'),
(7, 'jetty-ingest-adapter', 'Ingest Data Service', 3, '2010-02-12 16:31:59', '2010-02-12 16:31:59'),
(8, 'ingest-service', 'Ingest Web Service', 3, '2010-02-12 16:31:59', '2010-02-12 16:31:59'),
(9, 'OSGI File', 'Ingest Adapters', 3, '2010-02-12 16:31:59', '2010-02-12 16:31:59'),
(10, 'jetty-autopublish', 'Auto Publish', 4, '2010-02-12 16:31:59', '2010-02-12 16:31:59'),
(11, 'jetty-rating', 'Ratings', 5, '2010-02-12 16:31:59', '2010-02-12 16:31:59'),
(12, 'jetty-tag', 'Tag', 5, '2010-02-12 16:31:59', '2010-02-12 16:31:59'),
(13, 'jetty-poling', 'Polling', 5, '2010-02-12 16:31:59', '2010-02-12 16:31:59'),
(14, 'jetty-comment', 'Comment', 5, '2010-02-12 16:31:59', '2010-02-12 16:31:59'),
(15, 'jetty-userprofile', 'UserProfile', 5, '2010-02-12 16:31:59', '2010-02-12 16:31:59'),
(16, 'jetty-userlist', 'UserList', 5, '2010-02-12 16:31:59', '2010-02-12 16:31:59'),
(17, 'jetty-idm', 'Identity', 6, '2010-02-12 16:31:59', '2010-02-12 16:31:59'),
(18, 'jetty-access', 'Access', 6, '2010-02-12 16:31:59', '2010-02-12 16:31:59'),
(19, 'jetty-cds', 'Console Data Service', 7, '2010-02-12 16:31:59', '2010-02-12 16:31:59'),
(20, 'jetty-console', 'Console Web UI', 7, '2010-02-12 16:31:59', '2010-02-12 16:31:59'),
(21, 'jetty-cds', 'Console Data Service', 8, '2010-02-12 16:31:59', '2010-02-12 16:31:59'),
(22, 'jetty-manage', 'Console Web UI', 8, '2010-02-12 16:31:59', '2010-02-12 16:31:59'),
(23, 'jetty-drm', 'DRM 1.X', 9, '2010-02-12 16:31:59', '2010-02-12 16:31:59'),
(24, 'jetty-entitlement', 'Entitlement 1.X', 9, '2010-02-12 16:31:59', '2010-02-12 16:31:59'),
(25, 'jetty-license', 'License 2.X', 9, '2010-02-12 16:31:59', '2010-02-12 16:31:59'),
(26, 'jetty-cim-license', 'License (CIM) 2.X', 9, '2010-02-12 16:31:59', '2010-02-12 16:31:59'),
(27, 'jetty-tasksvc', 'Task Serivce', 10, '2010-02-12 16:31:59', '2010-02-12 16:31:59'),
(28, 'jetty-commrpt', 'CMTY Reporting', 11, '2010-02-12 16:31:59', '2010-02-12 16:31:59'),
(29, 'jetty-commerce', 'General Commerce Components', 12, '2010-02-12 16:31:59', '2010-02-12 16:31:59'),
(30, 'jetty-checkout', 'Checkout', 12, '2010-02-12 16:31:59', '2010-02-12 16:31:59'),
(31, 'shipment-daemon/pl-commerce-shipping-fulfillment.jar', 'Shipping Daemon', 12, '2010-02-12 16:31:59', '2010-02-12 16:31:59'),
(32, 'jetty-publish-workflow', 'Workflow Data Service', 13, '2010-02-12 16:31:59', '2010-02-12 16:31:59'),
(33, 'jetty-publish-profile', 'Publish Data Service', 13, '2010-02-12 16:31:59', '2010-02-12 16:31:59'),
(34, 'publish-service', 'Publish Service', 13, '2010-02-12 16:31:59', '2010-02-12 16:31:59'),
(35, 'OSGI File', 'Publish Steps', 13, '2010-02-12 16:31:59', '2010-02-12 16:31:59'),
(37, 'thePlatform MPS', 'MPS', 18, '2010-02-12 16:31:59', '2010-02-12 16:31:59'),
(38, 'Feeds 2.0', 'Feeds 2.0', 24, '2010-02-12 16:31:59', '2010-02-12 16:31:59'),
(39, 'RMP 1.0', 'RMP 1.0', 32, '2010-02-12 16:31:59', '2010-02-12 16:31:59'),
(40, 'RMP 2.0', 'RMP 2.0', 33, '2010-02-12 16:31:59', '2010-02-12 16:31:59'),
(42, 'WMRM', 'Windows Media Rights Management', 34, '2010-02-12 16:31:59', '2010-02-12 16:31:59'),
(43, 'jetty-feeddata', 'Feed Data Service', 14, '2010-02-12 16:31:59', '2010-02-12 16:31:59'),
(45, 'jetty-feedservice', 'Feed Web Service', 14, '2010-02-12 16:31:59', '2010-02-12 16:31:59'),
(46, 'Web Service Registry', 'Service Registry', 16, '2010-02-12 16:31:59', '2010-02-12 16:31:59'),
(47, 'metrics-service', 'Metrics', 17, '2010-02-12 16:31:59', '2010-02-12 16:31:59'),
(48, 'Sharing Data Service', 'Sharing Data Service', 19, '2010-02-12 16:31:59', '2010-02-12 16:31:59'),
(49, 'Media Data Service', 'Media Data Service', 20, '2010-02-12 16:31:59', '2010-02-12 16:31:59'),
(50, 'File Management Service', 'File Management Service', 20, '2010-02-12 16:31:59', '2010-02-12 16:31:59'),
(51, 'Player Admin', 'Player Admin', 21, '2010-02-12 16:31:59', '2010-02-12 16:31:59'),
(52, 'Player Link', 'Player Link', 21, '2010-02-12 16:31:59', '2010-02-12 16:31:59'),
(53, 'Player Data Service', 'Player Data Service', 21, '2010-02-12 16:31:59', '2010-02-12 16:31:59'),
(54, 'Selector Web Service', 'Selector Web Service', 22, '2010-02-12 16:31:59', '2010-02-12 16:31:59'),
(55, 'Delivery Data Service', 'Delivery Data Service', 23, '2010-02-12 16:31:59', '2010-02-12 16:31:59'),
(57, 'Connector Web Endpoint', 'Connector Web Endpoint', 25, '2010-02-12 16:31:59', '2010-02-12 16:31:59'),
(58, 'General Connector Service', 'General Connector Service', 25, '2010-02-12 16:31:59', '2010-02-12 16:31:59'),
(59, 'WebLogic', 'WebLogic', 34, '2010-02-12 16:31:59', '2010-02-12 16:31:59'),
(60, 'SOLR', 'SOLR', 34, '2010-02-12 16:31:59', '2010-02-12 16:31:59'),
(61, 'Sharing Profile Web Service', 'Sharing Profile Web Service', 19, '2010-02-12 16:31:59', '2010-02-12 16:31:59'),
(62, 'Rhozet Agent', 'Rhozet Agent', 34, '2010-02-12 16:31:59', '2010-02-12 16:31:59');

-- --------------------------------------------------------

--
-- Table structure for table `process_instances`
--

CREATE TABLE IF NOT EXISTS `process_instances` (
  `id` int(11) NOT NULL AUTO_INCREMENT,
  `processes_id` int(11) NOT NULL,
  `servers_id` int(11) NOT NULL,
  `jmx_port` varchar(45) DEFAULT NULL,
  `http_port` varchar(45) DEFAULT NULL,
  `created_at` datetime NOT NULL,
  `updated_at` datetime NOT NULL,
  `customers_id` int(11) NOT NULL,
  `active` char(1) NOT NULL DEFAULT 'T',
  PRIMARY KEY (`id`)
) ENGINE=MyISAM  DEFAULT CHARSET=latin1 AUTO_INCREMENT=211 ;

--
-- Dumping data for table `process_instances`
--

INSERT INTO `process_instances` (`id`, `processes_id`, `servers_id`, `jmx_port`, `http_port`, `created_at`, `updated_at`, `customers_id`, `active`) VALUES
(1, 1, 1, '8004', '8080', '2010-02-12 16:31:59', '2010-02-12 16:31:59', 1, 'T'),
(2, 1, 3, '8004', '8080', '2010-02-12 16:31:59', '2010-02-12 16:31:59', 1, 'T'),
(3, 4, 1, '8005', '8081', '2010-02-12 16:31:59', '2010-02-12 16:31:59', 1, 'T'),
(4, 4, 3, '8005', '8081', '2010-02-12 16:31:59', '2010-02-12 16:31:59', 1, 'T'),
(5, 5, 4, '8004', '8080', '2010-02-12 16:31:59', '2010-02-12 16:31:59', 1, 'T'),
(6, 5, 5, '8004', '8080', '2010-02-12 16:31:59', '2010-02-12 16:31:59', 1, 'T'),
(7, 6, 4, '8005', '8081', '2010-02-12 16:31:59', '2010-02-12 16:31:59', 1, 'T'),
(8, 6, 5, '8005', '8081', '2010-02-12 16:31:59', '2010-02-12 16:31:59', 1, 'T'),
(9, 7, 6, '8005', '8081', '2010-02-12 16:31:59', '2010-02-12 16:31:59', 1, 'T'),
(10, 7, 7, '8005', '8081', '2010-02-12 16:31:59', '2010-02-12 16:31:59', 1, 'T'),
(11, 7, 14, '8005', '8081', '2010-02-12 16:31:59', '2010-02-12 16:31:59', 1, 'T'),
(12, 8, 6, '8004', '8080', '2010-02-12 16:31:59', '2010-02-12 16:31:59', 1, 'T'),
(13, 8, 7, '8004', '8080', '2010-02-12 16:31:59', '2010-02-12 16:31:59', 1, 'T'),
(14, 8, 14, '8004', '8080', '2010-02-12 16:31:59', '2010-02-12 16:31:59', 1, 'T'),
(15, 9, 6, '0', '0', '2010-02-12 16:31:59', '2010-02-12 16:31:59', 1, 'T'),
(16, 9, 7, '0', '0', '2010-02-12 16:31:59', '2010-02-12 16:31:59', 1, 'T'),
(17, 9, 14, '0', '0', '2010-02-12 16:31:59', '2010-02-12 16:31:59', 1, 'T'),
(18, 10, 1, '8006', '8082', '2010-02-12 16:31:59', '2010-02-12 16:31:59', 1, 'T'),
(19, 10, 3, '8006', '8082', '2010-02-12 16:31:59', '2010-02-12 16:31:59', 1, 'T'),
(20, 10, 4, '8006', '8082', '2010-02-12 16:31:59', '2010-02-12 16:31:59', 1, 'T'),
(21, 10, 5, '8006', '8082', '2010-02-12 16:31:59', '2010-02-12 16:31:59', 1, 'T'),
(22, 11, 15, '8004', '8080', '2010-02-12 16:31:59', '2010-02-12 16:31:59', 1, 'T'),
(23, 11, 16, '8004', '8080', '2010-02-12 16:31:59', '2010-02-12 16:31:59', 1, 'T'),
(24, 11, 17, '8004', '8080', '2010-02-12 16:31:59', '2010-02-12 16:31:59', 1, 'T'),
(25, 11, 18, '8004', '8080', '2010-02-12 16:31:59', '2010-02-12 16:31:59', 1, 'T'),
(26, 11, 19, '8004', '8080', '2010-02-12 16:31:59', '2010-02-12 16:31:59', 1, 'T'),
(27, 11, 20, '8004', '8080', '2010-02-12 16:31:59', '2010-02-12 16:31:59', 1, 'T'),
(28, 12, 15, '8005', '8081', '2010-02-12 16:31:59', '2010-02-12 16:31:59', 1, 'T'),
(29, 12, 16, '8005', '8081', '2010-02-12 16:31:59', '2010-02-12 16:31:59', 1, 'T'),
(30, 12, 19, '8005', '8081', '2010-02-12 16:31:59', '2010-02-12 16:31:59', 1, 'T'),
(31, 12, 20, '8005', '8081', '2010-02-12 16:31:59', '2010-02-12 16:31:59', 1, 'T'),
(32, 13, 15, '8009', '8085', '2010-02-12 16:31:59', '2010-02-12 16:31:59', 1, 'T'),
(33, 13, 16, '8009', '8085', '2010-02-12 16:31:59', '2010-02-12 16:31:59', 1, 'T'),
(34, 13, 19, '8009', '8085', '2010-02-12 16:31:59', '2010-02-12 16:31:59', 1, 'T'),
(35, 13, 20, '8009', '8085', '2010-02-12 16:31:59', '2010-02-12 16:31:59', 1, 'T'),
(36, 14, 17, '8006', '8082', '2010-02-12 16:31:59', '2010-02-12 16:31:59', 1, 'T'),
(37, 14, 18, '8006', '8082', '2010-02-12 16:31:59', '2010-02-12 16:31:59', 1, 'T'),
(38, 14, 19, '8006', '8082', '2010-02-12 16:31:59', '2010-02-12 16:31:59', 1, 'T'),
(39, 14, 20, '8006', '8082', '2010-02-12 16:31:59', '2010-02-12 16:31:59', 1, 'T'),
(40, 15, 17, '8007', '8083', '2010-02-12 16:31:59', '2010-02-12 16:31:59', 1, 'T'),
(41, 15, 18, '8007', '8083', '2010-02-12 16:31:59', '2010-02-12 16:31:59', 1, 'T'),
(42, 15, 19, '8007', '8083', '2010-02-12 16:31:59', '2010-02-12 16:31:59', 1, 'T'),
(43, 15, 20, '8007', '8083', '2010-02-12 16:31:59', '2010-02-12 16:31:59', 1, 'T'),
(44, 16, 17, '8008', '8084', '2010-02-12 16:31:59', '2010-02-12 16:31:59', 1, 'T'),
(45, 16, 18, '8008', '8084', '2010-02-12 16:31:59', '2010-02-12 16:31:59', 1, 'T'),
(46, 16, 19, '8008', '8084', '2010-02-12 16:31:59', '2010-02-12 16:31:59', 1, 'T'),
(47, 16, 20, '8008', '8084', '2010-02-12 16:31:59', '2010-02-12 16:31:59', 1, 'T'),
(48, 17, 21, '8004', '8080', '2010-02-12 16:31:59', '2010-02-12 16:31:59', 1, 'T'),
(49, 17, 22, '8004', '8080', '2010-02-12 16:31:59', '2010-02-12 16:31:59', 1, 'T'),
(50, 17, 23, '8004', '8080', '2010-02-12 16:31:59', '2010-02-12 16:31:59', 1, 'T'),
(51, 17, 24, '8080', '8004', '2010-02-12 16:31:59', '2010-02-12 16:31:59', 1, 'T'),
(52, 17, 25, '8004', '8080', '2010-02-12 16:31:59', '2010-02-12 16:31:59', 1, 'T'),
(53, 18, 21, '8085', '8081', '2010-02-12 16:31:59', '2010-02-12 16:31:59', 1, 'T'),
(54, 18, 22, '8085', '8081', '2010-02-12 16:31:59', '2010-02-12 16:31:59', 1, 'T'),
(55, 18, 23, '8085', '8081', '2010-02-12 16:31:59', '2010-02-12 16:31:59', 1, 'T'),
(56, 18, 24, '8085', '8081', '2010-02-12 16:31:59', '2010-02-12 16:31:59', 1, 'T'),
(57, 18, 25, '8085', '8081', '2010-02-12 16:31:59', '2010-02-12 16:31:59', 1, 'T'),
(58, 17, 170, '8004', '8080', '2010-02-12 16:31:59', '2010-02-12 16:31:59', 1, 'T'),
(59, 17, 171, '8004', '8080', '2010-02-12 16:31:59', '2010-02-12 16:31:59', 1, 'T'),
(60, 17, 172, '8004', '8080', '2010-02-12 16:31:59', '2010-02-12 16:31:59', 1, 'T'),
(61, 17, 173, '8004', '8080', '2010-02-12 16:31:59', '2010-02-12 16:31:59', 1, 'T'),
(62, 17, 174, '8080', '8004', '2010-02-12 16:31:59', '2010-02-12 16:31:59', 1, 'T'),
(63, 18, 170, '8085', '8081', '2010-02-12 16:31:59', '2010-02-12 16:31:59', 1, 'T'),
(64, 18, 171, '8085', '8081', '2010-02-12 16:31:59', '2010-02-12 16:31:59', 1, 'T'),
(65, 18, 172, '8085', '8081', '2010-02-12 16:31:59', '2010-02-12 16:31:59', 1, 'T'),
(66, 18, 173, '8085', '8081', '2010-02-12 16:31:59', '2010-02-12 16:31:59', 1, 'T'),
(67, 18, 174, '8085', '8081', '2010-02-12 16:31:59', '2010-02-12 16:31:59', 1, 'T'),
(68, 19, 26, '8004', '8080', '2010-02-12 16:31:59', '2010-02-12 16:31:59', 1, 'T'),
(69, 19, 27, '8004', '8080', '2010-02-12 16:31:59', '2010-02-12 16:31:59', 1, 'T'),
(70, 19, 28, '8004', '8080', '2010-02-12 16:31:59', '2010-02-12 16:31:59', 1, 'T'),
(71, 20, 26, '8004', '8080', '2010-02-12 16:31:59', '2010-02-12 16:31:59', 1, 'T'),
(72, 20, 27, '8004', '8080', '2010-02-12 16:31:59', '2010-02-12 16:31:59', 1, 'T'),
(73, 20, 28, '8004', '8080', '2010-02-12 16:31:59', '2010-02-12 16:31:59', 1, 'T'),
(74, 21, 29, '8005', '8081', '2010-02-12 16:31:59', '2010-02-12 16:31:59', 1, 'T'),
(75, 21, 30, '8005', '8081', '2010-02-12 16:31:59', '2010-02-12 16:31:59', 1, 'T'),
(76, 21, 31, '8005', '8081', '2010-02-12 16:31:59', '2010-02-12 16:31:59', 1, 'T'),
(77, 22, 29, '8004', '8080', '2010-02-12 16:31:59', '2010-02-12 16:31:59', 1, 'T'),
(78, 22, 30, '8004', '8080', '2010-02-12 16:31:59', '2010-02-12 16:31:59', 1, 'T'),
(79, 23, 32, '8004', '8080', '2010-02-12 16:31:59', '2010-02-12 16:31:59', 1, 'T'),
(80, 23, 33, '8080', '8004', '2010-02-12 16:31:59', '2010-02-12 16:31:59', 1, 'T'),
(81, 23, 34, '8004', '8080', '2010-02-12 16:31:59', '2010-02-12 16:31:59', 1, 'T'),
(82, 23, 35, '8004', '8080', '2010-02-12 16:31:59', '2010-02-12 16:31:59', 1, 'T'),
(83, 24, 32, '8005', '8081', '2010-02-12 16:31:59', '2010-02-12 16:31:59', 1, 'T'),
(84, 24, 33, '8005', '8081', '2010-02-12 16:31:59', '2010-02-12 16:31:59', 1, 'T'),
(85, 24, 34, '8005', '8081', '2010-02-12 16:31:59', '2010-02-12 16:31:59', 1, 'T'),
(86, 24, 35, '8005', '8081', '2010-02-12 16:31:59', '2010-02-12 16:31:59', 1, 'T'),
(87, 25, 32, '8006', '8082', '2010-02-12 16:31:59', '2010-02-12 16:31:59', 1, 'T'),
(88, 25, 33, '8006', '8082', '2010-02-12 16:31:59', '2010-02-12 16:31:59', 1, 'T'),
(89, 25, 34, '8006', '8082', '2010-02-12 16:31:59', '2010-02-12 16:31:59', 1, 'T'),
(90, 25, 35, '8006', '8082', '2010-02-12 16:31:59', '2010-02-12 16:31:59', 1, 'T'),
(91, 26, 32, '8007', '8083', '2010-02-12 16:31:59', '2010-02-12 16:31:59', 1, 'T'),
(92, 26, 33, '8007', '8083', '2010-02-12 16:31:59', '2010-02-12 16:31:59', 1, 'T'),
(93, 26, 34, '8007', '8083', '2010-02-12 16:31:59', '2010-02-12 16:31:59', 1, 'T'),
(94, 26, 35, '8007', '8083', '2010-02-12 16:31:59', '2010-02-12 16:31:59', 1, 'T'),
(95, 27, 36, '8004', '8080', '2010-02-12 16:31:59', '2010-02-12 16:31:59', 1, 'T'),
(96, 27, 37, '8004', '8080', '2010-02-12 16:31:59', '2010-02-12 16:31:59', 1, 'T'),
(97, 27, 38, '8004', '8080', '2010-02-12 16:31:59', '2010-02-12 16:31:59', 1, 'T'),
(98, 28, 39, '8004', '8080', '2010-02-12 16:31:59', '2010-02-12 16:31:59', 1, 'T'),
(99, 28, 40, '8004', '8080', '2010-02-12 16:31:59', '2010-02-12 16:31:59', 1, 'T'),
(100, 29, 41, '8004', '8080', '2010-02-12 16:31:59', '2010-02-12 16:31:59', 1, 'F'),
(101, 29, 42, '8004', '8080', '2010-02-12 16:31:59', '2010-02-12 16:31:59', 1, 'T'),
(102, 29, 43, '8004', '8080', '2010-02-12 16:31:59', '2010-02-12 16:31:59', 1, 'T'),
(103, 30, 44, '8004', '8080', '2010-02-12 16:31:59', '2010-02-12 16:31:59', 1, 'T'),
(104, 30, 45, '8004', '8080', '2010-02-12 16:31:59', '2010-02-12 16:31:59', 1, 'T'),
(105, 31, 41, '8001', '8077', '2010-02-12 16:31:59', '2010-02-12 16:31:59', 1, 'T'),
(106, 32, 46, '8004', '8080', '2010-02-12 16:31:59', '2010-02-12 16:31:59', 1, 'T'),
(107, 32, 47, '8004', '8080', '2010-02-12 16:31:59', '2010-02-12 16:31:59', 1, 'T'),
(108, 32, 48, '8004', '8080', '2010-02-12 16:31:59', '2010-02-12 16:31:59', 1, 'T'),
(109, 33, 49, '8005', '8081', '2010-02-12 16:31:59', '2010-02-12 16:31:59', 1, 'T'),
(110, 33, 50, '8005', '8081', '2010-02-12 16:31:59', '2010-02-12 16:31:59', 1, 'T'),
(111, 33, 51, '8005', '8081', '2010-02-12 16:31:59', '2010-02-12 16:31:59', 1, 'T'),
(112, 34, 49, '8004', '8080', '2010-02-12 16:31:59', '2010-02-12 16:31:59', 1, 'T'),
(113, 34, 50, '8004', '8080', '2010-02-12 16:31:59', '2010-02-12 16:31:59', 1, 'T'),
(114, 35, 49, '0', '0', '2010-02-12 16:31:59', '2010-02-12 16:31:59', 1, 'T'),
(115, 35, 50, '0', '0', '2010-02-12 16:31:59', '2010-02-12 16:31:59', 1, 'T'),
(117, 37, 175, '0', '80', '2010-02-12 16:31:59', '2010-02-12 16:31:59', 10, 'T'),
(118, 37, 176, '0', '80', '2010-02-12 16:31:59', '2010-02-12 16:31:59', 2, 'T'),
(119, 37, 177, '0', '80', '2010-02-12 16:31:59', '2010-02-12 16:31:59', 2, 'T'),
(120, 37, 178, '0', '80', '2010-02-12 16:31:59', '2010-02-12 16:31:59', 1, 'T'),
(122, 37, 179, '0', '80', '2010-02-12 16:31:59', '2010-02-12 16:31:59', 1, 'T'),
(124, 37, 180, '0', '80', '2010-02-12 16:31:59', '2010-02-12 16:31:59', 1, 'T'),
(126, 37, 181, '0', '80', '2010-02-12 16:31:59', '2010-02-12 16:31:59', 1, 'T'),
(127, 37, 182, '0', '80', '2010-02-12 16:31:59', '2010-02-12 16:31:59', 1, 'T'),
(128, 37, 183, '0', '80', '2010-02-12 16:31:59', '2010-02-12 16:31:59', 1, 'T'),
(129, 37, 184, '0', '80', '2010-02-12 16:31:59', '2010-02-12 16:31:59', 1, 'T'),
(131, 37, 188, '0', '80', '2010-02-12 16:31:59', '2010-02-12 16:31:59', 1, 'T'),
(132, 37, 185, '0', '80', '2010-02-12 16:31:59', '2010-02-12 16:31:59', 1, 'T'),
(133, 37, 186, '0', '80', '2010-02-12 16:31:59', '2010-02-12 16:31:59', 1, 'T'),
(134, 37, 187, '0', '80', '2010-02-12 16:31:59', '2010-02-12 16:31:59', 1, 'T'),
(135, 37, 189, '0', '80', '2010-02-12 16:31:59', '2010-02-12 16:31:59', 1, 'T'),
(138, 37, 190, '0', '80', '2010-02-12 16:31:59', '2010-02-12 16:31:59', 1, 'T'),
(139, 37, 191, '0', '80', '2010-02-12 16:31:59', '2010-02-12 16:31:59', 1, 'T'),
(140, 37, 192, '0', '80', '2010-02-12 16:31:59', '2010-02-12 16:31:59', 1, 'T'),
(141, 37, 193, '0', '80', '2010-02-12 16:31:59', '2010-02-12 16:31:59', 1, 'T'),
(142, 37, 194, '0', '80', '2010-02-12 16:31:59', '2010-02-12 16:31:59', 1, 'T'),
(143, 37, 195, '0', '80', '2010-02-12 16:31:59', '2010-02-12 16:31:59', 1, 'T'),
(145, 37, 196, '0', '80', '2010-02-12 16:31:59', '2010-02-12 16:31:59', 1, 'T'),
(146, 37, 197, '0', '80', '2010-02-12 16:31:59', '2010-02-12 16:31:59', 1, 'T'),
(147, 37, 198, '0', '80', '2010-02-12 16:31:59', '2010-02-12 16:31:59', 1, 'T'),
(148, 37, 199, '0', '80', '2010-02-12 16:31:59', '2010-02-12 16:31:59', 1, 'T'),
(149, 37, 200, '0', '80', '2010-02-12 16:31:59', '2010-02-12 16:31:59', 1, 'T'),
(150, 37, 201, '0', '80', '2010-02-12 16:31:59', '2010-02-12 16:31:59', 1, 'T'),
(151, 37, 202, '0', '80', '2010-02-12 16:31:59', '2010-02-12 16:31:59', 1, 'T'),
(152, 37, 203, '0', '80', '2010-02-12 16:31:59', '2010-02-12 16:31:59', 1, 'T'),
(153, 37, 204, '0', '80', '2010-02-12 16:31:59', '2010-02-12 16:31:59', 1, 'T'),
(155, 37, 205, '0', '80', '2010-02-12 16:31:59', '2010-02-12 16:31:59', 1, 'T'),
(156, 37, 206, '0', '80', '2010-02-12 16:31:59', '2010-02-12 16:31:59', 1, 'T'),
(157, 37, 207, '0', '80', '2010-02-12 16:31:59', '2010-02-12 16:31:59', 1, 'T'),
(158, 37, 208, '0', '80', '2010-02-12 16:31:59', '2010-02-12 16:31:59', 1, 'T'),
(159, 37, 209, '0', '80', '2010-02-12 16:31:59', '2010-02-12 16:31:59', 1, 'T'),
(160, 37, 210, '0', '80', '2010-02-12 16:31:59', '2010-02-12 16:31:59', 1, 'T'),
(161, 37, 211, '0', '80', '2010-02-12 16:31:59', '2010-02-12 16:31:59', 1, 'T'),
(164, 39, 221, '0', '80', '2010-02-12 16:31:59', '2010-02-12 16:31:59', 1, 'T'),
(166, 39, 222, '0', '80', '2010-02-12 16:31:59', '2010-02-12 16:31:59', 1, 'T'),
(167, 39, 228, '0', '80', '2010-02-12 16:31:59', '2010-02-12 16:31:59', 1, 'T'),
(168, 39, 212, '0', '80', '2010-02-12 16:31:59', '2010-02-12 16:31:59', 1, 'T'),
(169, 39, 215, '0', '80', '2010-02-12 16:31:59', '2010-02-12 16:31:59', 12, 'T'),
(170, 40, 216, '0', '668', '2010-02-12 16:31:59', '2010-02-12 16:31:59', 14, 'T'),
(171, 40, 216, '0', '668', '2010-02-12 16:31:59', '2010-02-12 16:31:59', 14, 'T'),
(172, 40, 218, '0', '668', '2010-02-12 16:31:59', '2010-02-12 16:31:59', 13, 'T'),
(173, 40, 219, '0', '668', '2010-02-12 16:31:59', '2010-02-12 16:31:59', 15, 'T'),
(175, 40, 220, '0', '668', '2010-02-12 16:31:59', '2010-02-12 16:31:59', 15, 'T'),
(176, 40, 223, '0', '668', '2010-02-12 16:31:59', '2010-02-12 16:31:59', 1, 'T'),
(177, 40, 224, '0', '668', '2010-02-12 16:31:59', '2010-02-12 16:31:59', 1, 'T'),
(178, 40, 225, '0', '668', '2010-02-12 16:31:59', '2010-02-12 16:31:59', 1, 'T'),
(179, 40, 226, '0', '668', '2010-02-12 16:31:59', '2010-02-12 16:31:59', 1, 'T'),
(180, 40, 227, '0', '668', '2010-02-12 16:31:59', '2010-02-12 16:31:59', 1, 'T'),
(181, 39, 213, '0', '80', '2010-02-12 16:31:59', '2010-02-12 16:31:59', 1, 'T'),
(182, 39, 214, '0', '80', '2010-02-12 16:31:59', '2010-02-12 16:31:59', 1, 'T'),
(183, 39, 229, '0', '80', '2010-02-12 16:31:59', '2010-02-12 16:31:59', 1, 'T'),
(184, 39, 230, '0', '80', '2010-02-12 16:31:59', '2010-02-12 16:31:59', 1, 'T'),
(185, 39, 231, '0', '80', '2010-02-12 16:31:59', '2010-02-12 16:31:59', 1, 'T'),
(186, 40, 232, '0', '668', '2010-02-12 16:31:59', '2010-02-12 16:31:59', 1, 'T'),
(187, 40, 234, '0', '668', '2010-02-12 16:31:59', '2010-02-12 16:31:59', 1, 'T'),
(188, 40, 235, '0', '668', '2010-02-12 16:31:59', '2010-02-12 16:31:59', 1, 'T'),
(189, 40, 236, '0', '668', '2010-02-12 16:31:59', '2010-02-12 16:31:59', 1, 'T'),
(190, 39, 237, '0', '80', '2010-02-12 16:31:59', '2010-02-12 16:31:59', 1, 'T'),
(191, 39, 238, '0', '80', '2010-02-12 16:31:59', '2010-02-12 16:31:59', 1, 'T'),
(192, 39, 239, '0', '80', '2010-02-12 16:31:59', '2010-02-12 16:31:59', 1, 'T'),
(193, 62, 240, '0', '0', '2010-02-12 16:31:59', '2010-02-12 16:31:59', 1, 'T'),
(194, 62, 241, '0', '0', '2010-02-12 16:31:59', '2010-02-12 16:31:59', 1, 'T'),
(195, 62, 242, '0', '0', '2010-02-12 16:31:59', '2010-02-12 16:31:59', 1, 'T'),
(196, 62, 243, '0', '0', '2010-02-12 16:31:59', '2010-02-12 16:31:59', 1, 'T'),
(197, 62, 244, '0', '0', '2010-02-12 16:31:59', '2010-02-12 16:31:59', 1, 'T'),
(198, 62, 245, '0', '0', '2010-02-12 16:31:59', '2010-02-12 16:31:59', 1, 'T'),
(199, 62, 246, '0', '0', '2010-02-12 16:31:59', '2010-02-12 16:31:59', 1, 'T'),
(200, 62, 247, '0', '0', '2010-02-12 16:31:59', '2010-02-12 16:31:59', 1, 'T'),
(201, 62, 248, '0', '0', '2010-02-12 16:31:59', '2010-02-12 16:31:59', 1, 'T'),
(202, 9, 2, '0', '0', '2010-02-12 16:31:59', '2010-02-12 16:31:59', 4, 'T');

-- --------------------------------------------------------

--
-- Table structure for table `servers`
--

CREATE TABLE IF NOT EXISTS `servers` (
  `id` int(11) NOT NULL AUTO_INCREMENT,
  `name` varchar(15) NOT NULL,
  `os` varchar(45) DEFAULT NULL,
  `created_at` datetime NOT NULL,
  `updated_at` datetime NOT NULL,
  PRIMARY KEY (`id`)
) ENGINE=InnoDB  DEFAULT CHARSET=latin1 AUTO_INCREMENT=379 ;

--
-- Dumping data for table `servers`
--

INSERT INTO `servers` (`id`, `name`, `os`, `created_at`, `updated_at`) VALUES
(1, 'sea1tpwf01', 'CentOS', '2010-02-12 16:31:59', '2010-02-12 16:31:59'),
(2, 'sea1tpwf01', 'CentOS', '2010-02-12 16:31:59', '2010-02-12 16:31:59'),
(3, 'sea1tpwf02', 'CentOS', '2010-02-12 16:31:59', '2010-02-12 16:31:59'),
(4, 'sea1tpfeedrdr01', 'CentOS', '2010-02-12 16:31:59', '2010-02-12 16:31:59'),
(5, 'sea1tpfeedrdr02', 'CentOS', '2010-02-12 16:31:59', '2010-02-12 16:31:59'),
(6, 'sea1tpingest01', 'CentOS', '2010-02-12 16:31:59', '2010-02-12 16:31:59'),
(7, 'sea1tpingest02', 'CentOS', '2010-02-12 16:31:59', '2010-02-12 16:31:59'),
(8, 'sea1tpwf01', 'CentOS', '2010-02-12 16:31:59', '2010-02-12 16:31:59'),
(9, 'sea1tpwf02', 'CentOS', '2010-02-12 16:31:59', '2010-02-12 16:31:59'),
(10, 'sea1tpfeedrdr01', 'CentOS', '2010-02-12 16:31:59', '2010-02-12 16:31:59'),
(11, 'sea1tpfeedrdr02', 'CentOS', '2010-02-12 16:31:59', '2010-02-12 16:31:59'),
(12, 'sea1tpingest01', 'CentOS', '2010-02-12 16:31:59', '2010-02-12 16:31:59'),
(13, 'sea1tpingest02', 'CentOS', '2010-02-12 16:31:59', '2010-02-12 16:31:59'),
(14, 'sea1tpingest91', 'CentOS', '2010-02-12 16:31:59', '2010-02-12 16:31:59'),
(15, 'sea1tpcmty01', 'CentOS', '2010-02-12 16:31:59', '2010-02-12 16:31:59'),
(16, 'sea1tpcmty02', 'CentOS', '2010-02-12 16:31:59', '2010-02-12 16:31:59'),
(17, 'sea1tpcmty03', 'CentOS', '2010-02-12 16:31:59', '2010-02-12 16:31:59'),
(18, 'sea1tpcmty04', 'CentOS', '2010-02-12 16:31:59', '2010-02-12 16:31:59'),
(19, 'sea1tpcmty91', 'CentOS', '2010-02-12 16:31:59', '2010-02-12 16:31:59'),
(20, 'sea1tpcmty92', 'CentOS', '2010-02-12 16:31:59', '2010-02-12 16:31:59'),
(21, 'sea1tpauthadm06', 'CentOS', '2010-02-12 16:31:59', '2010-02-12 16:31:59'),
(22, 'sea1tpauthadm07', 'CentOS', '2010-02-12 16:31:59', '2010-02-12 16:31:59'),
(23, 'sea1tpauthadm08', 'CentOS', '2010-02-12 16:31:59', '2010-02-12 16:31:59'),
(24, 'sea1tpauthadm04', 'CentOS', '2010-02-12 16:31:59', '2010-02-12 16:31:59'),
(25, 'sea1tpauthadm05', 'CentOS', '2010-02-12 16:31:59', '2010-02-12 16:31:59'),
(26, 'sea1tpmgmt01', 'CentOS', '2010-02-12 16:31:59', '2010-02-12 16:31:59'),
(27, 'sea1tpmgmt02', 'CentOS', '2010-02-12 16:31:59', '2010-02-12 16:31:59'),
(28, 'sea1tpmgmt03', 'CentOS', '2010-02-12 16:31:59', '2010-02-12 16:31:59'),
(29, 'sea1tpmpx01', 'CentOS', '2010-02-12 16:31:59', '2010-02-12 16:31:59'),
(30, 'sea1tpmpx02', 'CentOS', '2010-02-12 16:31:59', '2010-02-12 16:31:59'),
(31, 'sea1tpmpx91', 'CentOS', '2010-02-12 16:31:59', '2010-02-12 16:31:59'),
(32, 'sea1tprights01', 'CentOS', '2010-02-12 16:31:59', '2010-02-12 16:31:59'),
(33, 'sea1tprights02', 'CentOS', '2010-02-12 16:31:59', '2010-02-12 16:31:59'),
(34, 'sea1tprights03', 'CentOS', '2010-02-12 16:31:59', '2010-02-12 16:31:59'),
(35, 'sea1tprights91', 'CentOS', '2010-02-12 16:31:59', '2010-02-12 16:31:59'),
(36, 'sea1tptasksvc01', 'CentOS', '2010-02-12 16:31:59', '2010-02-12 16:31:59'),
(37, 'sea1tptasksvc02', 'CentOS', '2010-02-12 16:31:59', '2010-02-12 16:31:59'),
(38, 'sea1tptasksvc91', 'CentOS', '2010-02-12 16:31:59', '2010-02-12 16:31:59'),
(39, 'sea1tprpt01', 'CentOS', '2010-02-12 16:31:59', '2010-02-12 16:31:59'),
(40, 'sea1tprpt02', 'CentOS', '2010-02-12 16:31:59', '2010-02-12 16:31:59'),
(41, 'sea1tpcmrc01', 'CentOS', '2010-02-12 16:31:59', '2010-02-12 16:31:59'),
(42, 'sea1tpcmrc02', 'CentOS', '2010-02-12 16:31:59', '2010-02-12 16:31:59'),
(43, 'sea1tpcmrc91', 'CentOS', '2010-02-12 16:31:59', '2010-02-12 16:31:59'),
(44, 'sea1tpchkout01', 'CentOS', '2010-02-12 16:31:59', '2010-02-12 16:31:59'),
(45, 'sea1tpchkout02', 'CentOS', '2010-02-12 16:31:59', '2010-02-12 16:31:59'),
(46, 'sea1tppubwork01', 'CentOS', '2010-02-12 16:31:59', '2010-02-12 16:31:59'),
(47, 'sea1tppubwork02', 'CentOS', '2010-02-12 16:31:59', '2010-02-12 16:31:59'),
(48, 'sea1tppubwork91', 'CentOS', '2010-02-12 16:31:59', '2010-02-12 16:31:59'),
(49, 'sea1tppublish01', 'CentOS', '2010-02-12 16:31:59', '2010-02-12 16:31:59'),
(50, 'sea1tppublish02', 'CentOS', '2010-02-12 16:31:59', '2010-02-12 16:31:59'),
(51, 'sea1tppublish91', 'CentOS', '2010-02-12 16:31:59', '2010-02-12 16:31:59'),
(52, 'sea1tpmysql01s1', 'CentOS', '2010-02-12 16:31:59', '2010-02-12 16:31:59'),
(53, 'sea1tpmysql02s2', 'CentOS', '2010-02-12 16:31:59', '2010-02-12 16:31:59'),
(54, 'sea1tpmysql03s1', 'CentOS', '2010-02-12 16:31:59', '2010-02-12 16:31:59'),
(55, 'sea1tpmysql04s2', 'CentOS', '2010-02-12 16:31:59', '2010-02-12 16:31:59'),
(155, 'sea1tpmysql03v1', 'CentOS', '2010-02-12 16:31:59', '2010-02-12 16:31:59'),
(156, 'sea1tpmysql04v2', 'CentOS', '2010-02-12 16:31:59', '2010-02-12 16:31:59'),
(157, 'sea1tpmysql05s1', 'CentOS', '2010-02-12 16:31:59', '2010-02-12 16:31:59'),
(158, 'sea1tpmysql06s2', 'CentOS', '2010-02-12 16:31:59', '2010-02-12 16:31:59'),
(159, 'sea1tpmysql07s1', 'CentOS', '2010-02-12 16:31:59', '2010-02-12 16:31:59'),
(160, 'sea1tpmysql08s2', 'CentOS', '2010-02-12 16:31:59', '2010-02-12 16:31:59'),
(161, 'sea1tpmysql09s1', 'CentOS', '2010-02-12 16:31:59', '2010-02-12 16:31:59'),
(162, 'sea1tpmysql10s2', 'CentOS', '2010-02-12 16:31:59', '2010-02-12 16:31:59'),
(163, 'sea1tpmysql11s1', 'CentOS', '2010-02-12 16:31:59', '2010-02-12 16:31:59'),
(164, 'sea1tpmysql12s2', 'CentOS', '2010-02-12 16:31:59', '2010-02-12 16:31:59'),
(165, 'sea1tpmysql13s1', 'CentOS', '2010-02-12 16:31:59', '2010-02-12 16:31:59'),
(166, 'sea1tpmysql14s2', 'CentOS', '2010-02-12 16:31:59', '2010-02-12 16:31:59'),
(167, 'sea1tpopssqls1', 'CentOS', '2010-02-12 16:31:59', '2010-02-12 16:31:59'),
(168, 'sea1tpopssqls2', 'CentOS', '2010-02-12 16:31:59', '2010-02-12 16:31:59'),
(170, 'sea1tpauthusr06', 'CentOS', '2010-02-12 16:31:59', '2010-02-12 16:31:59'),
(171, 'sea1tpauthusr07', 'CentOS', '2010-02-12 16:31:59', '2010-02-12 16:31:59'),
(172, 'sea1tpauthusr08', 'CentOS', '2010-02-12 16:31:59', '2010-02-12 16:31:59'),
(173, 'sea1tpauthusr04', 'CentOS', '2010-02-12 16:31:59', '2010-02-12 16:31:59'),
(174, 'sea1tpauthusr05', 'CentOS', '2010-02-12 16:31:59', '2010-02-12 16:31:59'),
(175, 'sea1cnbcapi01', 'Windows', '2010-02-12 16:31:59', '2010-02-12 16:31:59'),
(176, 'sea1stzapi01', 'Windows', '2010-02-12 16:31:59', '2010-02-12 16:31:59'),
(177, 'sea1stzapi02', 'Windows', '2010-02-12 16:31:59', '2010-02-12 16:31:59'),
(178, 'sea1tpapi01', 'Windows', '2010-02-12 16:31:59', '2010-02-12 16:31:59'),
(179, 'sea1tpapi02', 'Windows', '2010-02-12 16:31:59', '2010-02-12 16:31:59'),
(180, 'sea1tpapi03', 'Windows', '2010-02-12 16:31:59', '2010-02-12 16:31:59'),
(181, 'sea1tpapi04', 'Windows', '2010-02-12 16:31:59', '2010-02-12 16:31:59'),
(182, 'sea1tpapi05', 'Windows', '2010-02-12 16:31:59', '2010-02-12 16:31:59'),
(183, 'sea1tpapich01', 'Windows', '2010-02-12 16:31:59', '2010-02-12 16:31:59'),
(184, 'sea1tpapich02', 'Windows', '2010-02-12 16:31:59', '2010-02-12 16:31:59'),
(185, 'sea1tpapifeed01', 'Windows', '2010-02-12 16:31:59', '2010-02-12 16:31:59'),
(186, 'sea1tpapifeed02', 'Windows', '2010-02-12 16:31:59', '2010-02-12 16:31:59'),
(187, 'sea1tpapisla01', 'Windows', '2010-02-12 16:31:59', '2010-02-12 16:31:59'),
(188, 'sea1tpcon01', 'Windows', '2010-02-12 16:31:59', '2010-02-12 16:31:59'),
(189, 'sea1tpfacade01', 'Windows', '2010-02-12 16:31:59', '2010-02-12 16:31:59'),
(190, 'sea1tpfacade02', 'Windows', '2010-02-12 16:31:59', '2010-02-12 16:31:59'),
(191, 'sea1tpfacade03', 'Windows', '2010-02-12 16:31:59', '2010-02-12 16:31:59'),
(192, 'sea1tpfacade04', 'Windows', '2010-02-12 16:31:59', '2010-02-12 16:31:59'),
(193, 'sea1tpfacsry01', 'Windows', '2010-02-12 16:31:59', '2010-02-12 16:31:59'),
(194, 'sea1tpfacsry02', 'Windows', '2010-02-12 16:31:59', '2010-02-12 16:31:59'),
(195, 'sea1tpjobs01', 'Windows', '2010-02-12 16:31:59', '2010-02-12 16:31:59'),
(196, 'sea1tplic01', 'Windows', '2010-02-12 16:31:59', '2010-02-12 16:31:59'),
(197, 'sea1tpsel01', 'Windows', '2010-02-12 16:31:59', '2010-02-12 16:31:59'),
(198, 'sea1tpsel02', 'Windows', '2010-02-12 16:31:59', '2010-02-12 16:31:59'),
(199, 'sea1tpsel03', 'Windows', '2010-02-12 16:31:59', '2010-02-12 16:31:59'),
(200, 'sea1tpsel04', 'Windows', '2010-02-12 16:31:59', '2010-02-12 16:31:59'),
(201, 'sea1tpsel05', 'Windows', '2010-02-12 16:31:59', '2010-02-12 16:31:59'),
(202, 'sea1tpsel06', 'Windows', '2010-02-12 16:31:59', '2010-02-12 16:31:59'),
(203, 'sea1tpsel07', 'Windows', '2010-02-12 16:31:59', '2010-02-12 16:31:59'),
(204, 'sea1tpsla01', 'Windows', '2010-02-12 16:31:59', '2010-02-12 16:31:59'),
(205, 'sea1tpsorry01', 'Windows', '2010-02-12 16:31:59', '2010-02-12 16:31:59'),
(206, 'sea1tpsorry02', 'Windows', '2010-02-12 16:31:59', '2010-02-12 16:31:59'),
(207, 'sea1tpsorry03', 'Windows', '2010-02-12 16:31:59', '2010-02-12 16:31:59'),
(208, 'sea1tpsorry04', 'Windows', '2010-02-12 16:31:59', '2010-02-12 16:31:59'),
(209, 'sea1tpsorry05', 'Windows', '2010-02-12 16:31:59', '2010-02-12 16:31:59'),
(210, 'sea1tptask01', 'Windows', '2010-02-12 16:31:59', '2010-02-12 16:31:59'),
(211, 'sea1tptask02', 'Windows', '2010-02-12 16:31:59', '2010-02-12 16:31:59'),
(212, 'sea1tprmp09', 'Windows', '2010-02-12 16:31:59', '2010-02-12 16:31:59'),
(213, 'sea1tprmpff01', 'Windows', '2010-02-12 16:31:59', '2010-02-12 16:31:59'),
(214, 'sea1tprmpff02', 'Windows', '2010-02-12 16:31:59', '2010-02-12 16:31:59'),
(215, 'sea1cmcrmp01', 'Windows', '2010-02-12 16:31:59', '2010-02-12 16:31:59'),
(216, 'sea1comrmprzt01', 'Windows', '2010-02-12 16:31:59', '2010-02-12 16:31:59'),
(217, 'sea1comrmprzt02', 'Windows', '2010-02-12 16:31:59', '2010-02-12 16:31:59'),
(218, 'sea1csnrmprzt01', 'Windows', '2010-02-12 16:31:59', '2010-02-12 16:31:59'),
(219, 'sea1rgrsrzt01', 'Windows', '2010-02-12 16:31:59', '2010-02-12 16:31:59'),
(220, 'sea1rgrsrzt02', 'Windows', '2010-02-12 16:31:59', '2010-02-12 16:31:59'),
(221, 'sea1tprmp01', 'Windows', '2010-02-12 16:31:59', '2010-02-12 16:31:59'),
(222, 'sea1tprmp02', 'Windows', '2010-02-12 16:31:59', '2010-02-12 16:31:59'),
(223, 'sea1tprmp03', 'Windows', '2010-02-12 16:31:59', '2010-02-12 16:31:59'),
(224, 'sea1tprmp04', 'Windows', '2010-02-12 16:31:59', '2010-02-12 16:31:59'),
(225, 'sea1tprmp05', 'Windows', '2010-02-12 16:31:59', '2010-02-12 16:31:59'),
(226, 'sea1tprmp06', 'Windows', '2010-02-12 16:31:59', '2010-02-12 16:31:59'),
(227, 'sea1tprmp07', 'Windows', '2010-02-12 16:31:59', '2010-02-12 16:31:59'),
(228, 'sea1tprmp08', 'Windows', '2010-02-12 16:31:59', '2010-02-12 16:31:59'),
(229, 'sea1tprmpflx01', 'Windows', '2010-02-12 16:31:59', '2010-02-12 16:31:59'),
(230, 'sea1tprmpflx02', 'Windows', '2010-02-12 16:31:59', '2010-02-12 16:31:59'),
(231, 'sea1tprmpflx03', 'Windows', '2010-02-12 16:31:59', '2010-02-12 16:31:59'),
(232, 'sea1tprmprzt01', 'Windows', '2010-02-12 16:31:59', '2010-02-12 16:31:59'),
(233, 'sea1tprmprztd01', 'Windows', '2010-02-12 16:31:59', '2010-02-12 16:31:59'),
(234, 'sea1tprmprzts01', 'Windows', '2010-02-12 16:31:59', '2010-02-12 16:31:59'),
(235, 'sea1tprmprzts02', 'Windows', '2010-02-12 16:31:59', '2010-02-12 16:31:59'),
(236, 'sea1tprmprzts03', 'Windows', '2010-02-12 16:31:59', '2010-02-12 16:31:59'),
(237, 'sea1tprmpwm01', 'Windows', '2010-02-12 16:31:59', '2010-02-12 16:31:59'),
(238, 'sea1tprmpwm02', 'Windows', '2010-02-12 16:31:59', '2010-02-12 16:31:59'),
(239, 'sea1tprmpwm03', 'Windows', '2010-02-12 16:31:59', '2010-02-12 16:31:59'),
(240, 'sea1tprztagt01', 'Windows', '2010-02-12 16:31:59', '2010-02-12 16:31:59'),
(241, 'sea1tprztagt02', 'Windows', '2010-02-12 16:31:59', '2010-02-12 16:31:59'),
(242, 'sea1tprztagt03', 'Windows', '2010-02-12 16:31:59', '2010-02-12 16:31:59'),
(243, 'sea1tprztagt04', 'Windows', '2010-02-12 16:31:59', '2010-02-12 16:31:59'),
(244, 'sea1tprztagt05', 'Windows', '2010-02-12 16:31:59', '2010-02-12 16:31:59'),
(245, 'sea1tprztagt06', 'Windows', '2010-02-12 16:31:59', '2010-02-12 16:31:59'),
(246, 'sea1tprztagt07', 'Windows', '2010-02-12 16:31:59', '2010-02-12 16:31:59'),
(247, 'sea1tprztagt08', 'Windows', '2010-02-12 16:31:59', '2010-02-12 16:31:59'),
(248, 'sea1tprztagt09', 'Windows', '2010-02-12 16:31:59', '2010-02-12 16:31:59'),
(249, 'sea1apfeeds01', 'Windows', '2010-02-12 16:31:59', '2010-02-12 16:31:59'),
(250, 'sea1apfeeds02', 'Windows', '2010-02-12 16:31:59', '2010-02-12 16:31:59'),
(251, 'sea1apfeeds03', 'Windows', '2010-02-12 16:31:59', '2010-02-12 16:31:59'),
(252, 'sea1apfeeds04', 'Windows', '2010-02-12 16:31:59', '2010-02-12 16:31:59'),
(253, 'sea1aping01', 'CentOS', '2010-02-12 16:31:59', '2010-02-12 16:31:59'),
(254, 'sea1aping02', 'CentOS', '2010-02-12 16:31:59', '2010-02-12 16:31:59'),
(255, 'sea1apsolr01', 'CentOS', '2010-02-12 16:31:59', '2010-02-12 16:31:59'),
(256, 'sea1apsolr02', 'CentOS', '2010-02-12 16:31:59', '2010-02-12 16:31:59'),
(257, 'sea1apsolr03', 'CentOS', '2010-02-12 16:31:59', '2010-02-12 16:31:59'),
(258, 'sea1apsolr04', 'CentOS', '2010-02-12 16:31:59', '2010-02-12 16:31:59'),
(259, 'sea1apsolr05', 'CentOS', '2010-02-12 16:31:59', '2010-02-12 16:31:59'),
(260, 'sea1btnchkout01', 'CentOS', '2010-02-12 16:31:59', '2010-02-12 16:31:59'),
(261, 'sea1btnchkout02', 'CentOS', '2010-02-12 16:31:59', '2010-02-12 16:31:59'),
(262, 'sea1cbcfeeds01', 'Windows', '2010-02-12 16:31:59', '2010-02-12 16:31:59'),
(263, 'sea1cbcfeeds02', 'Windows', '2010-02-12 16:31:59', '2010-02-12 16:31:59'),
(264, 'sea1cbscntr01', 'CentOS', '2010-02-12 16:31:59', '2010-02-12 16:31:59'),
(265, 'sea1cbscntr02', 'CentOS', '2010-02-12 16:31:59', '2010-02-12 16:31:59'),
(266, 'sea1cbsfeeds01', 'Windows', '2010-02-12 16:31:59', '2010-02-12 16:31:59'),
(267, 'sea1cbsfeeds02', 'Windows', '2010-02-12 16:31:59', '2010-02-12 16:31:59'),
(268, 'sea1cbsfeeds03', 'Windows', '2010-02-12 16:31:59', '2010-02-12 16:31:59'),
(269, 'sea1cbsfeeds05', 'Windows', '2010-02-12 16:31:59', '2010-02-12 16:31:59'),
(270, 'sea1cbsfeeds06', 'Windows', '2010-02-12 16:31:59', '2010-02-12 16:31:59'),
(271, 'sea1cbsfeeds08', 'Windows', '2010-02-12 16:31:59', '2010-02-12 16:31:59'),
(272, 'sea1cbsfeeds10', 'Windows', '2010-02-12 16:31:59', '2010-02-12 16:31:59'),
(273, 'sea1cbsfeeds11', 'Windows', '2010-02-12 16:31:59', '2010-02-12 16:31:59'),
(274, 'sea1cbsfeeds12', 'Windows', '2010-02-12 16:31:59', '2010-02-12 16:31:59'),
(275, 'sea1cbsfeeds14', 'Windows', '2010-02-12 16:31:59', '2010-02-12 16:31:59'),
(276, 'sea1cbsfeeds16', 'Windows', '2010-02-12 16:31:59', '2010-02-12 16:31:59'),
(277, 'sea1cbssvcs01', 'Windows', '2010-02-12 16:31:59', '2010-02-12 16:31:59'),
(278, 'sea1cbssvcs01', 'Windows', '2010-02-12 16:31:59', '2010-02-12 16:31:59'),
(279, 'sea1cmcfeeds01', 'Windows', '2010-02-12 16:31:59', '2010-02-12 16:31:59'),
(280, 'sea1cmcfeeds02', 'Windows', '2010-02-12 16:31:59', '2010-02-12 16:31:59'),
(281, 'sea1cmcfeeds03', 'Windows', '2010-02-12 16:31:59', '2010-02-12 16:31:59'),
(282, 'sea1cmcfeeds04', 'Windows', '2010-02-12 16:31:59', '2010-02-12 16:31:59'),
(283, 'sea1cmcfeeds05', 'Windows', '2010-02-12 16:31:59', '2010-02-12 16:31:59'),
(284, 'sea1csnfeeds01', 'Windows', '2010-02-12 16:31:59', '2010-02-12 16:31:59'),
(285, 'sea1csnfeeds02', 'Windows', '2010-02-12 16:31:59', '2010-02-12 16:31:59'),
(286, 'sea1cstvfeeds01', 'Windows', '2010-02-12 16:31:59', '2010-02-12 16:31:59'),
(287, 'sea1cstvfeeds02', 'Windows', '2010-02-12 16:31:59', '2010-02-12 16:31:59'),
(288, 'sea1foxfeeds01', 'Windows', '2010-02-12 16:31:59', '2010-02-12 16:31:59'),
(289, 'sea1foxfeeds02', 'Windows', '2010-02-12 16:31:59', '2010-02-12 16:31:59'),
(290, 'sea1indadmin01', 'Windows', '2010-02-12 16:31:59', '2010-02-12 16:31:59'),
(291, 'sea1indadmin02', 'Windows', '2010-02-12 16:31:59', '2010-02-12 16:31:59'),
(292, 'sea1indadmin03', 'CentOS', '2010-02-12 16:31:59', '2010-02-12 16:31:59'),
(293, 'sea1indadmin04', 'CentOS', '2010-02-12 16:31:59', '2010-02-12 16:31:59'),
(294, 'sea1tpplyradm01', 'Windows', '2010-02-12 16:31:59', '2010-02-12 16:31:59'),
(295, 'sea1tpplyradm02', 'Windows', '2010-02-12 16:31:59', '2010-02-12 16:31:59'),
(296, 'sea1tpplyrlnk01', 'Windows', '2010-02-12 16:31:59', '2010-02-12 16:31:59'),
(297, 'sea1tpplyrlnk02', 'Windows', '2010-02-12 16:31:59', '2010-02-12 16:31:59'),
(298, 'sea1tpplyrsry01', 'Windows', '2010-02-12 16:31:59', '2010-02-12 16:31:59'),
(299, 'sea1tpmetrics01', 'CentOS', '2010-02-12 16:31:59', '2010-02-12 16:31:59'),
(300, 'sea1tpmetrics02', 'CentOS', '2010-02-12 16:31:59', '2010-02-12 16:31:59'),
(301, 'sea1tpfeedsvc01', 'CentOS', '2010-02-12 16:31:59', '2010-02-12 16:31:59'),
(302, 'sea1tpfeedsvc02', 'CentOS', '2010-02-12 16:31:59', '2010-02-12 16:31:59'),
(303, 'sea1tpfeedsvc03', 'CentOS', '2010-02-12 16:31:59', '2010-02-12 16:31:59'),
(304, 'sea1tpfeeds01', 'Windows', '2010-02-12 16:31:59', '2010-02-12 16:31:59'),
(305, 'sea1tpfeeds02', 'Windows', '2010-02-12 16:31:59', '2010-02-12 16:31:59'),
(306, 'sea1tpfeeds03', 'Windows', '2010-02-12 16:31:59', '2010-02-12 16:31:59'),
(307, 'sea1tpfeeds04', 'Windows', '2010-02-12 16:31:59', '2010-02-12 16:31:59'),
(308, 'sea1tpwmrm01', 'Windows', '2010-02-12 16:31:59', '2010-02-12 16:31:59'),
(309, 'sea1tpwmrm02', 'Windows', '2010-02-12 16:31:59', '2010-02-12 16:31:59'),
(310, 'sea1tpwmrm03', 'Windows', '2010-02-12 16:31:59', '2010-02-12 16:31:59'),
(311, 'sea1tpwmrm04', 'Windows', '2010-02-12 16:31:59', '2010-02-12 16:31:59'),
(312, 'sea1tpsvcs01', 'Windows', '2010-02-12 16:31:59', '2010-02-12 16:31:59'),
(313, 'sea1tpsvcs02', 'Windows', '2010-02-12 16:31:59', '2010-02-12 16:31:59'),
(314, 'sea1tpsvcs03', 'Windows', '2010-02-12 16:31:59', '2010-02-12 16:31:59'),
(315, 'sea1tpsvcs04', 'Windows', '2010-02-12 16:31:59', '2010-02-12 16:31:59'),
(316, 'sea1tpsvcs05', 'Windows', '2010-02-12 16:31:59', '2010-02-12 16:31:59'),
(317, 'sea1tpsvcs06', 'Windows', '2010-02-12 16:31:59', '2010-02-12 16:31:59'),
(318, 'sea1tpregs01', 'CentOS', '2010-02-12 16:31:59', '2010-02-12 16:31:59'),
(319, 'sea1tpregs02', 'CentOS', '2010-02-12 16:31:59', '2010-02-12 16:31:59'),
(320, 'sea1trvcftp01', 'CentOS', '2010-02-12 16:31:59', '2010-02-12 16:31:59'),
(321, 'sea1trvcftp02', 'CentOS', '2010-02-12 16:31:59', '2010-02-12 16:31:59'),
(322, 'sea1tpmq01', 'Windows', '2010-02-12 16:31:59', '2010-02-12 16:31:59'),
(323, 'sea1tpmq02', 'Windows', '2010-02-12 16:31:59', '2010-02-12 16:31:59'),
(324, 'sea1tpmq03', 'CentOS', '2010-02-12 16:31:59', '2010-02-12 16:31:59'),
(325, 'sea1tpmq04', 'CentOS', '2010-02-12 16:31:59', '2010-02-12 16:31:59'),
(326, 'sea1tpftp01', 'Windows', '2010-02-12 16:31:59', '2010-02-12 16:31:59'),
(327, 'sea1tping01', 'Windows', '2010-02-12 16:31:59', '2010-02-12 16:31:59'),
(328, 'sea1tping02', 'Windows', '2010-02-12 16:31:59', '2010-02-12 16:31:59'),
(329, 'sea1tpdelcfg01', 'CentOS', '2010-02-12 16:31:59', '2010-02-12 16:31:59'),
(330, 'sea1tpdelcfg02', 'CentOS', '2010-02-12 16:31:59', '2010-02-12 16:31:59'),
(331, 'sea1tpdelcfg91', 'CentOS', '2010-02-12 16:31:59', '2010-02-12 16:31:59'),
(332, 'sea1tpdelcfg92', 'CentOS', '2010-02-12 16:31:59', '2010-02-12 16:31:59'),
(333, 'sea1tpcntr01', 'Windows', '2010-02-12 16:31:59', '2010-02-12 16:31:59'),
(334, 'sea1tpcntr02', 'Windows', '2010-02-12 16:31:59', '2010-02-12 16:31:59'),
(335, 'sea1tpcntr03', 'Windows', '2010-02-12 16:31:59', '2010-02-12 16:31:59'),
(336, 'sea1tpcntr04', 'Windows', '2010-02-12 16:31:59', '2010-02-12 16:31:59'),
(337, 'sea1tpcntr05', 'Windows', '2010-02-12 16:31:59', '2010-02-12 16:31:59'),
(338, 'sea1tpcntr06', 'Windows', '2010-02-12 16:31:59', '2010-02-12 16:31:59'),
(339, 'sea1tpcntr07', 'CentOS', '2010-02-12 16:31:59', '2010-02-12 16:31:59'),
(340, 'sea1tpcntr08', 'CentOS', '2010-02-12 16:31:59', '2010-02-12 16:31:59'),
(341, 'sea1tpcmty05', 'CentOS', '2010-02-12 16:31:59', '2010-02-12 16:31:59'),
(342, 'sea1tpcmsfeed01', 'Windows', '2010-02-12 16:31:59', '2010-02-12 16:31:59'),
(343, 'sea1tpcfeeds11', 'Windows', '2010-02-12 16:31:59', '2010-02-12 16:31:59'),
(344, 'sea1tpcfeeds12', 'Windows', '2010-02-12 16:31:59', '2010-02-12 16:31:59'),
(345, 'sea1tpcfeeds21', 'Windows', '2010-02-12 16:31:59', '2010-02-12 16:31:59'),
(346, 'sea1tpcfeeds22', 'Windows', '2010-02-12 16:31:59', '2010-02-12 16:31:59'),
(347, 'sea1tpcfeeds31', 'Windows', '2010-02-12 16:31:59', '2010-02-12 16:31:59'),
(348, 'sea1tpcfeeds32', 'Windows', '2010-02-12 16:31:59', '2010-02-12 16:31:59'),
(349, 'sea1tpcfeeds41', 'Windows', '2010-02-12 16:31:59', '2010-02-12 16:31:59'),
(350, 'sea1tpcfeeds42', 'Windows', '2010-02-12 16:31:59', '2010-02-12 16:31:59'),
(351, 'sea1sqcrp01', 'CentOS', '2010-02-12 16:31:59', '2010-02-12 16:31:59'),
(352, 'sea1sqcrp02', 'CentOS', '2010-02-12 16:31:59', '2010-02-12 16:31:59'),
(353, 'sea1sqcrp03', 'CentOS', '2010-02-12 16:31:59', '2010-02-12 16:31:59'),
(354, 'sea1sqcrp04', 'CentOS', '2010-02-12 16:31:59', '2010-02-12 16:31:59'),
(355, 'sea1squid01', 'CentOS', '2010-02-12 16:31:59', '2010-02-12 16:31:59'),
(356, 'sea1squid02', 'CentOS', '2010-02-12 16:31:59', '2010-02-12 16:31:59'),
(357, 'sea1squid03', 'CentOS', '2010-02-12 16:31:59', '2010-02-12 16:31:59'),
(358, 'sea1pbsfeeds01', 'Windows', '2010-02-12 16:31:59', '2010-02-12 16:31:59'),
(359, 'sea1pbsfeeds02', 'Windows', '2010-02-12 16:31:59', '2010-02-12 16:31:59'),
(360, 'sea1pbsfeeds02', 'Windows', '2010-02-12 16:31:59', '2010-02-12 16:31:59'),
(361, 'sea1ndmfeeds01', 'Windows', '2010-02-12 16:31:59', '2010-02-12 16:31:59'),
(362, 'sea1ndmfeeds02', 'Windows', '2010-02-12 16:31:59', '2010-02-12 16:31:59'),
(363, 'sea1nbcfeeds01', 'Windows', '2010-02-12 16:31:59', '2010-02-12 16:31:59'),
(364, 'sea1nbcfeeds02', 'Windows', '2010-02-12 16:31:59', '2010-02-12 16:31:59'),
(365, 'sea1nbcfeeds03', 'Windows', '2010-02-12 16:31:59', '2010-02-12 16:31:59'),
(366, 'sea1indstore01', 'Windows', '2010-02-12 16:31:59', '2010-02-12 16:31:59'),
(367, 'sea1indstore02', 'Windows', '2010-02-12 16:31:59', '2010-02-12 16:31:59'),
(368, 'sea1indstore03', 'CentOS', '2010-02-12 16:31:59', '2010-02-12 16:31:59'),
(369, 'sea1indstore04', 'CentOS', '2010-02-12 16:31:59', '2010-02-12 16:31:59'),
(370, 'sea1indcntr01', 'Windows', '2010-02-12 16:31:59', '2010-02-12 16:31:59'),
(371, 'sea1indcntr02', 'Windows', '2010-02-12 16:31:59', '2010-02-12 16:31:59'),
(372, 'sea1indfeeds01', 'Windows', '2010-02-12 16:31:59', '2010-02-12 16:31:59'),
(373, 'sea1indfeeds02', 'Windows', '2010-02-12 16:31:59', '2010-02-12 16:31:59'),
(374, 'sea1indfeeds03', 'Windows', '2010-02-12 16:31:59', '2010-02-12 16:31:59'),
(375, 'sea1indsolrm01', 'CentOS', '2010-02-12 16:31:59', '2010-02-12 16:31:59'),
(376, 'sea1indsolrm02', 'CentOS', '2010-02-12 16:31:59', '2010-02-12 16:31:59'),
(377, 'sea1indsolrs01', 'CentOS', '2010-02-12 16:31:59', '2010-02-12 16:31:59'),
(378, 'sea1indsolrs02', 'CentOS', '2010-02-12 16:31:59', '2010-02-12 16:31:59');

-- --------------------------------------------------------

--
-- Table structure for table `vips`
--

CREATE TABLE IF NOT EXISTS `vips` (
  `id` int(11) NOT NULL AUTO_INCREMENT,
  `name` varchar(45) DEFAULT NULL,
  `SSL_Enabled` tinyint(1) NOT NULL DEFAULT '0',
  `created_at` datetime NOT NULL,
  `updated_at` datetime NOT NULL,
  PRIMARY KEY (`id`)
) ENGINE=InnoDB  DEFAULT CHARSET=latin1 AUTO_INCREMENT=20 ;

--
-- Dumping data for table `vips`
--

INSERT INTO `vips` (`id`, `name`, `SSL_Enabled`, `created_at`, `updated_at`) VALUES
(1, 'admin.theplatform.com', 1, '0000-00-00 00:00:00', '0000-00-00 00:00:00'),
(2, 'console.theplatform.com', 1, '0000-00-00 00:00:00', '0000-00-00 00:00:00'),
(3, 'release.theplatform.com', 1, '0000-00-00 00:00:00', '0000-00-00 00:00:00'),
(4, 'cached.theplatform.com', 1, '0000-00-00 00:00:00', '0000-00-00 00:00:00'),
(5, 'dr.console.theplatform.com', 1, '0000-00-00 00:00:00', '0000-00-00 00:00:00'),
(6, 'license.theplatform.com', 1, '0000-00-00 00:00:00', '0000-00-00 00:00:00'),
(7, 'portal.theplatform.com', 1, '0000-00-00 00:00:00', '0000-00-00 00:00:00'),
(8, 'portalfeeds.theplatform.com', 0, '0000-00-00 00:00:00', '0000-00-00 00:00:00'),
(9, 'storefront.theplatform.com', 1, '0000-00-00 00:00:00', '0000-00-00 00:00:00'),
(10, 'task.theplatform.com', 1, '0000-00-00 00:00:00', '0000-00-00 00:00:00'),
(11, 'starz.theplatform.com', 1, '0000-00-00 00:00:00', '0000-00-00 00:00:00'),
(12, 'cnbc.theplatform.com', 1, '0000-00-00 00:00:00', '0000-00-00 00:00:00'),
(13, 'mps.theplatform.com', 1, '0000-00-00 00:00:00', '0000-00-00 00:00:00'),
(14, 'readonly.theplatform.com', 0, '0000-00-00 00:00:00', '0000-00-00 00:00:00'),
(15, 'read.mps.theplatform.com', 1, '0000-00-00 00:00:00', '0000-00-00 00:00:00'),
(16, 'cmc.upload.theplatform.com', 0, '0000-00-00 00:00:00', '0000-00-00 00:00:00'),
(17, 'transfer.theplatform.com', 0, '0000-00-00 00:00:00', '0000-00-00 00:00:00'),
(18, 'upload.mpx.theplatform.com', 1, '0000-00-00 00:00:00', '0000-00-00 00:00:00'),
(19, 'upload.theplatform.com', 0, '0000-00-00 00:00:00', '0000-00-00 00:00:00');

-- --------------------------------------------------------

--
-- Table structure for table `vip_2_process_instances`
--

CREATE TABLE IF NOT EXISTS `vip_2_process_instances` (
  `id` int(11) NOT NULL AUTO_INCREMENT,
  `priority_group` int(11) NOT NULL,
  `vips_id` int(11) NOT NULL,
  `created_at` datetime NOT NULL,
  `updated_at` datetime NOT NULL,
  `process_instances_id` int(11) NOT NULL,
  PRIMARY KEY (`id`),
  KEY `fk_vip_apps_vips1` (`vips_id`),
  KEY `fk_vip_services_service_instances1` (`process_instances_id`)
) ENGINE=InnoDB  DEFAULT CHARSET=latin1 AUTO_INCREMENT=177 ;

--
-- Dumping data for table `vip_2_process_instances`
--

INSERT INTO `vip_2_process_instances` (`id`, `priority_group`, `vips_id`, `created_at`, `updated_at`, `process_instances_id`) VALUES
(1, 2, 1, '2010-03-17 00:00:00', '2010-03-17 00:00:00', 120),
(2, 2, 1, '2010-03-17 00:00:00', '2010-03-17 00:00:00', 122),
(13, 2, 1, '2010-03-17 00:00:00', '2010-03-17 00:00:00', 124),
(14, 2, 1, '2010-03-17 00:00:00', '2010-03-17 00:00:00', 126),
(16, 2, 1, '2010-03-17 00:00:00', '2010-03-17 00:00:00', 127),
(17, 1, 1, '2010-03-17 00:00:00', '2010-03-17 00:00:00', 155),
(18, 1, 1, '2010-03-17 00:00:00', '2010-03-17 00:00:00', 156),
(19, 1, 1, '2010-03-17 00:00:00', '2010-03-17 00:00:00', 157),
(20, 1, 1, '2010-03-17 00:00:00', '2010-03-17 00:00:00', 158),
(21, 1, 1, '2010-03-17 00:00:00', '2010-03-17 00:00:00', 159),
(22, 3, 2, '2010-03-17 00:00:00', '2010-03-17 00:00:00', 131),
(23, 2, 2, '2010-03-17 00:00:00', '2010-03-17 00:00:00', 120),
(24, 2, 2, '2010-03-17 00:00:00', '2010-03-17 00:00:00', 122),
(25, 2, 2, '2010-03-17 00:00:00', '2010-03-17 00:00:00', 124),
(26, 2, 2, '2010-03-17 00:00:00', '2010-03-17 00:00:00', 126),
(27, 2, 2, '2010-03-17 00:00:00', '2010-03-17 00:00:00', 127),
(28, 1, 2, '2010-03-17 00:00:00', '2010-03-17 00:00:00', 155),
(29, 1, 2, '2010-03-17 00:00:00', '2010-03-17 00:00:00', 156),
(30, 1, 2, '2010-03-17 00:00:00', '2010-03-17 00:00:00', 157),
(32, 1, 2, '2010-03-17 00:00:00', '2010-03-17 00:00:00', 158),
(33, 1, 2, '2010-03-17 00:00:00', '2010-03-17 00:00:00', 159),
(34, 2, 3, '2010-03-17 00:00:00', '2010-03-17 00:00:00', 146),
(35, 2, 3, '2010-03-17 00:00:00', '2010-03-17 00:00:00', 147),
(36, 2, 3, '2010-03-17 00:00:00', '2010-03-17 00:00:00', 148),
(37, 2, 3, '2010-03-17 00:00:00', '2010-03-17 00:00:00', 149),
(38, 2, 3, '2010-03-17 00:00:00', '2010-03-17 00:00:00', 150),
(39, 2, 3, '2010-03-17 00:00:00', '2010-03-17 00:00:00', 151),
(40, 2, 3, '2010-03-17 00:00:00', '2010-03-17 00:00:00', 152),
(41, 1, 3, '2010-03-17 00:00:00', '2010-03-17 00:00:00', 155),
(42, 1, 3, '2010-03-17 00:00:00', '2010-03-17 00:00:00', 156),
(43, 1, 3, '2010-03-17 00:00:00', '2010-03-17 00:00:00', 157),
(44, 1, 3, '2010-03-17 00:00:00', '2010-03-17 00:00:00', 158),
(45, 1, 3, '2010-03-17 00:00:00', '2010-03-17 00:00:00', 159),
(46, 3, 4, '2010-03-17 00:00:00', '2010-03-17 00:00:00', 128),
(47, 3, 4, '2010-03-17 00:00:00', '2010-03-17 00:00:00', 129),
(48, 2, 4, '2010-03-17 00:00:00', '2010-03-17 00:00:00', 120),
(49, 2, 4, '2010-03-17 00:00:00', '2010-03-17 00:00:00', 122),
(50, 2, 4, '2010-03-17 00:00:00', '2010-03-17 00:00:00', 124),
(51, 2, 4, '2010-03-17 00:00:00', '2010-03-17 00:00:00', 126),
(52, 2, 4, '2010-03-17 00:00:00', '2010-03-17 00:00:00', 127),
(53, 1, 4, '2010-03-17 00:00:00', '2010-03-17 00:00:00', 155),
(54, 1, 4, '2010-03-17 00:00:00', '2010-03-17 00:00:00', 156),
(55, 1, 4, '2010-03-17 00:00:00', '2010-03-17 00:00:00', 157),
(56, 1, 4, '2010-03-17 00:00:00', '2010-03-17 00:00:00', 158),
(57, 1, 4, '2010-03-17 00:00:00', '2010-03-17 00:00:00', 159),
(58, 3, 5, '2010-03-17 00:00:00', '2010-03-17 00:00:00', 131),
(59, 2, 5, '2010-03-17 00:00:00', '2010-03-17 00:00:00', 120),
(60, 2, 5, '2010-03-17 00:00:00', '2010-03-17 00:00:00', 122),
(61, 2, 5, '2010-03-17 00:00:00', '2010-03-17 00:00:00', 124),
(62, 2, 5, '2010-03-17 00:00:00', '2010-03-17 00:00:00', 126),
(63, 2, 5, '2010-03-17 00:00:00', '2010-03-17 00:00:00', 127),
(64, 1, 5, '2010-03-17 00:00:00', '2010-03-17 00:00:00', 155),
(65, 1, 5, '2010-03-17 00:00:00', '2010-03-17 00:00:00', 156),
(66, 1, 5, '2010-03-17 00:00:00', '2010-03-17 00:00:00', 157),
(67, 1, 5, '2010-03-17 00:00:00', '2010-03-17 00:00:00', 158),
(68, 1, 5, '2010-03-17 00:00:00', '2010-03-17 00:00:00', 159),
(69, 2, 6, '2010-03-17 00:00:00', '2010-03-17 00:00:00', 145),
(70, 1, 6, '2010-03-17 00:00:00', '2010-03-17 00:00:00', 120),
(71, 1, 6, '2010-03-17 00:00:00', '2010-03-17 00:00:00', 122),
(72, 1, 6, '2010-03-17 00:00:00', '2010-03-17 00:00:00', 124),
(73, 1, 6, '2010-03-17 00:00:00', '2010-03-17 00:00:00', 126),
(74, 1, 6, '2010-03-17 00:00:00', '2010-03-17 00:00:00', 127),
(75, 1, 6, '2010-03-17 00:00:00', '2010-03-17 00:00:00', 155),
(76, 1, 6, '2010-03-17 00:00:00', '2010-03-17 00:00:00', 156),
(77, 1, 6, '2010-03-17 00:00:00', '2010-03-17 00:00:00', 157),
(78, 1, 6, '2010-03-17 00:00:00', '2010-03-17 00:00:00', 158),
(79, 1, 6, '2010-03-17 00:00:00', '2010-03-17 00:00:00', 159),
(80, 2, 7, '2010-03-17 00:00:00', '2010-03-17 00:00:00', 120),
(81, 2, 7, '2010-03-17 00:00:00', '2010-03-17 00:00:00', 122),
(82, 2, 7, '2010-03-17 00:00:00', '2010-03-17 00:00:00', 124),
(83, 2, 7, '2010-03-17 00:00:00', '2010-03-17 00:00:00', 126),
(84, 2, 7, '2010-03-17 00:00:00', '2010-03-17 00:00:00', 127),
(85, 1, 7, '2010-03-17 00:00:00', '2010-03-17 00:00:00', 155),
(86, 1, 7, '2010-03-17 00:00:00', '2010-03-17 00:00:00', 156),
(87, 1, 7, '2010-03-17 00:00:00', '2010-03-17 00:00:00', 157),
(88, 1, 7, '2010-03-17 00:00:00', '2010-03-17 00:00:00', 158),
(89, 1, 7, '2010-03-17 00:00:00', '2010-03-17 00:00:00', 159),
(90, 3, 8, '2010-03-17 00:00:00', '2010-03-17 00:00:00', 132),
(91, 3, 8, '2010-03-17 00:00:00', '2010-03-17 00:00:00', 133),
(92, 2, 8, '2010-03-17 00:00:00', '2010-03-17 00:00:00', 128),
(93, 2, 8, '2010-03-17 00:00:00', '2010-03-17 00:00:00', 129),
(94, 1, 8, '2010-03-17 00:00:00', '2010-03-17 00:00:00', 155),
(95, 1, 8, '2010-03-17 00:00:00', '2010-03-17 00:00:00', 156),
(96, 1, 8, '2010-03-17 00:00:00', '2010-03-17 00:00:00', 157),
(97, 1, 8, '2010-03-17 00:00:00', '2010-03-17 00:00:00', 158),
(98, 1, 8, '2010-03-17 00:00:00', '2010-03-17 00:00:00', 159),
(99, 2, 10, '2010-03-17 00:00:00', '2010-03-17 00:00:00', 160),
(100, 2, 10, '2010-03-17 00:00:00', '2010-03-17 00:00:00', 161),
(101, 1, 10, '2010-03-17 00:00:00', '2010-03-17 00:00:00', 155),
(103, 1, 10, '2010-03-17 00:00:00', '2010-03-17 00:00:00', 156),
(104, 1, 10, '2010-03-17 00:00:00', '2010-03-17 00:00:00', 157),
(105, 1, 10, '2010-03-17 00:00:00', '2010-03-17 00:00:00', 158),
(106, 1, 10, '2010-03-17 00:00:00', '2010-03-17 00:00:00', 159),
(107, 2, 9, '2010-03-17 00:00:00', '2010-03-17 00:00:00', 120),
(108, 2, 9, '2010-03-17 00:00:00', '2010-03-17 00:00:00', 122),
(109, 2, 9, '2010-03-17 00:00:00', '2010-03-17 00:00:00', 124),
(110, 2, 9, '2010-03-17 00:00:00', '2010-03-17 00:00:00', 126),
(111, 2, 9, '2010-03-17 00:00:00', '2010-03-17 00:00:00', 127),
(112, 1, 9, '2010-03-17 00:00:00', '2010-03-17 00:00:00', 155),
(113, 1, 9, '2010-03-17 00:00:00', '2010-03-17 00:00:00', 156),
(114, 1, 9, '2010-03-17 00:00:00', '2010-03-17 00:00:00', 157),
(115, 1, 9, '2010-03-17 00:00:00', '2010-03-17 00:00:00', 158),
(116, 1, 9, '2010-03-17 00:00:00', '2010-03-17 00:00:00', 159),
(117, 4, 11, '2010-03-17 00:00:00', '2010-03-17 00:00:00', 118),
(118, 4, 11, '2010-03-17 00:00:00', '2010-03-17 00:00:00', 119),
(119, 3, 11, '2010-03-17 00:00:00', '2010-03-17 00:00:00', 120),
(120, 3, 11, '2010-03-17 00:00:00', '2010-03-17 00:00:00', 122),
(121, 3, 11, '2010-03-17 00:00:00', '2010-03-17 00:00:00', 124),
(122, 3, 11, '2010-03-17 00:00:00', '2010-03-17 00:00:00', 126),
(123, 3, 11, '2010-03-17 00:00:00', '2010-03-17 00:00:00', 127),
(124, 1, 11, '2010-03-17 00:00:00', '2010-03-17 00:00:00', 155),
(125, 1, 11, '2010-03-17 00:00:00', '2010-03-17 00:00:00', 156),
(126, 1, 11, '2010-03-17 00:00:00', '2010-03-17 00:00:00', 157),
(127, 1, 11, '2010-03-17 00:00:00', '2010-03-17 00:00:00', 158),
(128, 1, 11, '2010-03-17 00:00:00', '2010-03-17 00:00:00', 159),
(129, 4, 12, '2010-03-17 00:00:00', '2010-03-17 00:00:00', 117),
(130, 3, 12, '2010-03-17 00:00:00', '2010-03-17 00:00:00', 128),
(131, 3, 12, '2010-03-17 00:00:00', '2010-03-17 00:00:00', 129),
(132, 2, 12, '2010-03-17 00:00:00', '2010-03-17 00:00:00', 120),
(133, 2, 12, '2010-03-17 00:00:00', '2010-03-17 00:00:00', 122),
(134, 2, 12, '2010-03-17 00:00:00', '2010-03-17 00:00:00', 124),
(135, 2, 12, '2010-03-17 00:00:00', '2010-03-17 00:00:00', 126),
(136, 2, 12, '2010-03-17 00:00:00', '2010-03-17 00:00:00', 127),
(137, 1, 12, '2010-03-17 00:00:00', '2010-03-17 00:00:00', 155),
(138, 1, 12, '2010-03-17 00:00:00', '2010-03-17 00:00:00', 156),
(139, 1, 12, '2010-03-17 00:00:00', '2010-03-17 00:00:00', 157),
(140, 1, 12, '2010-03-17 00:00:00', '2010-03-17 00:00:00', 158),
(141, 1, 12, '2010-03-17 00:00:00', '2010-03-17 00:00:00', 159),
(142, 3, 13, '2010-03-17 00:00:00', '2010-03-17 00:00:00', 135),
(143, 3, 13, '2010-03-17 00:00:00', '2010-03-17 00:00:00', 138),
(144, 2, 13, '2010-03-17 00:00:00', '2010-03-17 00:00:00', 141),
(145, 2, 13, '2010-03-17 00:00:00', '2010-03-17 00:00:00', 142),
(146, 1, 13, '2010-03-17 00:00:00', '2010-03-17 00:00:00', 155),
(147, 1, 13, '2010-03-17 00:00:00', '2010-03-17 00:00:00', 156),
(148, 1, 13, '2010-03-17 00:00:00', '2010-03-17 00:00:00', 157),
(149, 1, 13, '2010-03-17 00:00:00', '2010-03-17 00:00:00', 158),
(150, 1, 13, '2010-03-17 00:00:00', '2010-03-17 00:00:00', 159),
(151, 4, 14, '2010-03-17 00:00:00', '2010-03-17 00:00:00', 155),
(152, 4, 14, '2010-03-17 00:00:00', '2010-03-17 00:00:00', 156),
(153, 4, 14, '2010-03-17 00:00:00', '2010-03-17 00:00:00', 157),
(154, 4, 14, '2010-03-17 00:00:00', '2010-03-17 00:00:00', 158),
(155, 4, 14, '2010-03-17 00:00:00', '2010-03-17 00:00:00', 159),
(156, 4, 14, '2010-03-17 00:00:00', '2010-03-17 00:00:00', 120),
(157, 4, 14, '2010-03-17 00:00:00', '2010-03-17 00:00:00', 122),
(158, 4, 14, '2010-03-17 00:00:00', '2010-03-17 00:00:00', 124),
(159, 4, 14, '2010-03-17 00:00:00', '2010-03-17 00:00:00', 126),
(160, 4, 14, '2010-03-17 00:00:00', '2010-03-17 00:00:00', 127),
(161, 0, 15, '2010-03-17 00:00:00', '2010-03-17 00:00:00', 141),
(162, 0, 15, '2010-03-17 00:00:00', '2010-03-17 00:00:00', 142),
(163, 0, 15, '2010-03-17 00:00:00', '2010-03-17 00:00:00', 139),
(164, 0, 15, '2010-03-17 00:00:00', '2010-03-17 00:00:00', 140),
(165, 0, 16, '0000-00-00 00:00:00', '0000-00-00 00:00:00', 169),
(166, 0, 17, '0000-00-00 00:00:00', '0000-00-00 00:00:00', 164),
(167, 0, 17, '0000-00-00 00:00:00', '0000-00-00 00:00:00', 164),
(168, 0, 17, '0000-00-00 00:00:00', '0000-00-00 00:00:00', 166),
(169, 0, 17, '0000-00-00 00:00:00', '0000-00-00 00:00:00', 167),
(170, 0, 17, '0000-00-00 00:00:00', '0000-00-00 00:00:00', 168),
(171, 0, 18, '0000-00-00 00:00:00', '0000-00-00 00:00:00', 179),
(172, 0, 18, '0000-00-00 00:00:00', '0000-00-00 00:00:00', 180),
(173, 0, 19, '0000-00-00 00:00:00', '0000-00-00 00:00:00', 164),
(174, 0, 19, '0000-00-00 00:00:00', '0000-00-00 00:00:00', 166),
(175, 0, 19, '0000-00-00 00:00:00', '0000-00-00 00:00:00', 167),
(176, 0, 19, '0000-00-00 00:00:00', '0000-00-00 00:00:00', 167);

--
-- Constraints for dumped tables
--

--
-- Constraints for table `app_instances`
--
ALTER TABLE `app_instances`
  ADD CONSTRAINT `fk_app_instances_apps1` FOREIGN KEY (`apps_id`) REFERENCES `apps` (`id`) ON DELETE NO ACTION ON UPDATE NO ACTION;

--
-- Constraints for table `dbs`
--
ALTER TABLE `dbs`
  ADD CONSTRAINT `fk_databases_servers` FOREIGN KEY (`servers_id`) REFERENCES `servers` (`id`) ON DELETE NO ACTION ON UPDATE NO ACTION;

--
-- Constraints for table `dependency`
--
ALTER TABLE `dependency`
  ADD CONSTRAINT `fk_dependency_apps1` FOREIGN KEY (`apps_id`) REFERENCES `apps` (`id`) ON DELETE NO ACTION ON UPDATE NO ACTION;

--
-- Constraints for table `env_2_db`
--
ALTER TABLE `env_2_db`
  ADD CONSTRAINT `fk_env_2_db_databases1` FOREIGN KEY (`databases_id`) REFERENCES `dbs` (`id`) ON DELETE NO ACTION ON UPDATE NO ACTION,
  ADD CONSTRAINT `fk_env_2_db_environments1` FOREIGN KEY (`environments_id`) REFERENCES `environments` (`id`) ON DELETE NO ACTION ON UPDATE NO ACTION;

--
-- Constraints for table `env_2_server`
--
ALTER TABLE `env_2_server`
  ADD CONSTRAINT `fk_env_2_server_environments1` FOREIGN KEY (`environments_id`) REFERENCES `environments` (`id`) ON DELETE NO ACTION ON UPDATE NO ACTION,
  ADD CONSTRAINT `fk_env_2_server_servers1` FOREIGN KEY (`servers_id`) REFERENCES `servers` (`id`) ON DELETE NO ACTION ON UPDATE NO ACTION;

--
-- Constraints for table `vip_2_process_instances`
--
ALTER TABLE `vip_2_process_instances`
  ADD CONSTRAINT `fk_vip_apps_vips1` FOREIGN KEY (`vips_id`) REFERENCES `vips` (`id`) ON DELETE NO ACTION ON UPDATE NO ACTION;
